code,name,industry
301275,N汉朔,计算机软件
603271,N永杰,基本金属
873726,卓兆点胶,电子设备制造
870199,倍益康,医疗器械
920116,星图测控,计算机软件
300630,*ST普利,化学制药
300466,赛摩智能,输变电设备
301176,逸豪新材,电子元件
300819,聚杰微纤,纺织
300907,康平科技,通用设备
920008,成电光信,电子设备制造
300896,爱美客,医疗器械
301005,超捷股份,汽车
300895,铜牛信息,互联网服务
688680,海优新材,电源设备
833943,优机股份,通用设备
688357,建龙微纳,化学制品
300167,*ST迪威,通信设备
301600,慧翰股份,电子设备制造
688693,锴威特,半导体
300441,鲍斯股份,通用设备
688001,华兴源创,专用设备
300296,利亚德,光电子器件
300042,朗科科技,计算机硬件
920106,林泰新材,汽车
833429,康比特,食品
301160,翔楼新材,金属制品
688037,芯源微,专用设备
000903,云内动力,汽车
000017,深中华A,珠宝首饰
000697,炼石航空,航空航天装备
000014,沙河股份,房地产开发
000592,平潭发展,林业
605155,西大门,其他轻工
605303,园林股份,建筑施工
603206,嘉环科技,通信设备
600589,大位科技,互联网服务
002875,安奈儿,服装家纺
003025,思进智能,专用设备
002574,明牌珠宝,珠宝首饰
600967,内蒙一机,地面装备
603716,塞力医疗,医药商业
600718,东软集团,计算机软件
002760,凤形股份,金属制品
002105,信隆健康,其他交运设备
603881,数据港,互联网技术
002292,奥飞娱乐,影视动漫
605100,华丰股份,通用设备
000880,潍柴重机,通用设备
000831,中国稀土,稀有金属
603717,天域生物,畜牧业
600560,金自天正,专用设备
600539,狮头股份,其他家电
002183,怡 亚 通,贸易
002175,东方智造,通用设备
000815,美利云,造纸印刷
000678,襄阳轴承,汽车
000665,湖北广电,广播电视
603267,鸿远电子,电子元件
001282,三联锻造,汽车
300726,宏达电子,电子元件
600818,中路股份,其他交运设备
600506,统一股份,石油天然气
603968,醋化股份,化学制品
603678,火炬电子,电子元件
002196,方正电机,电机
605296,神农集团,畜牧业
603958,哈森股份,服装家纺
002921,联诚精密,汽车
000655,金岭矿业,铁矿石
605069,正和生态,环保
603326,我乐家居,家具
600735,新华锦,其他轻工
002238,天威视讯,广播电视
002195,岩山科技,互联网服务
600610,中毅达,化学制品
600936,广西广电,广播电视
002377,国创高新,石油天然气
688311,盟升电子,通信设备
836961,西磁科技,专用设备
688288,鸿泉物联,电子设备制造
300521,爱司凯,专用设备
920108,宏海科技,白色家电
831641,格利尔,电子元件
600126,杭钢股份,钢铁
300964,本川智能,电子设备制造
920098,科隆新材,橡胶制品
920082,方正阀门,通用设备
000519,中兵红箭,金属非金属新材料
688375,国博电子,电子元件
605298,必得科技,铁路设备
003010,若羽臣,营销服务
300553,集智股份,通用设备
300952,恒辉安防,纺织
300476,胜宏科技,电子元件
600327,大东方,医疗服务
300083,创世纪,专用设备
837821,则成电子,电子元件
603568,伟明环保,环保
300153,科泰电源,专用设备
000581,威孚高科,汽车
600848,上海临港,房地产开发
920002,万达轴承,通用设备
603477,巨星农牧,畜牧业
301586,佳力奇,航空航天装备
300887,谱尼测试,专业服务
688395,正弦电气,电机
002992,宝明科技,电子设备制造
603375,盛景微,电子设备制造
002155,湖南黄金,贵金属
603193,润本股份,化学制品
000409,云鼎科技,互联网服务
300863,卡倍亿,汽车
002335,科华数据,电源设备
301139,元道通信,通信设备
300423,昇辉科技,其他电气设备
603868,飞科电器,小家电
002426,胜利精密,消费电子设备
836270,天铭科技,通用设备
301592,六九一二,计算机软件
002713,东易日盛,装修装饰
300849,锦盛新材,化学制品
002662,京威股份,汽车
000733,振华科技,电子元件
688750,金天钛业,稀有金属
300738,奥飞数据,互联网技术
837006,晟楠科技,航空航天装备
002653,海思科,化学制药
600238,海南椰岛,饮料
002568,百润股份,饮料
301585,蓝宇股份,化学制品
300662,科锐国际,专业服务
301226,祥明智能,其他电气设备
870436,大地电气,汽车
688636,智明达,计算机硬件
300132,青松股份,化学制品
300108,*ST吉药,中药生产
688166,博瑞医药,化学制药
002149,西部材料,金属非金属新材料
301277,新天地,化学制药
920111,聚星科技,其他电气设备
873339,恒太照明,照明设备
601208,东材科技,化学新材料
000911,广农糖业,食品
873576,天力复合,金属非金属新材料
831010,凯添燃气,燃气
300715,凯伦股份,其他建材
600355,精伦电子,计算机软件
603416,信捷电气,输变电设备
920128,胜业电气,电子元件
300045,华力创通,航空航天装备
688708,佳驰科技,化学新材料
920066,科拜尔,化学制品
688439,振华风光,半导体
830839,万通液压,通用设备
301525,儒竞科技,其他电气设备
688651,盛邦安全,计算机软件
301261,恒工精密,通用设备
300904,威力传动,通用设备
300416,苏试试验,专业服务
688411,海博思创,电源设备
300657,弘信电子,电子元件
301032,新柴股份,通用设备
833781,瑞奇智造,专用设备
300611,美力科技,汽车
002706,良信股份,其他电气设备
300320,海达股份,橡胶制品
600259,广晟有色,稀有金属
603057,紫燕食品,食品
301628,强达电路,电子元件
002929,润建股份,通信设备
600961,株冶集团,基本金属
688568,中科星图,计算机软件
000422,湖北宜化,化学原料
603599,广信股份,化肥农药
603300,海南华铁,专业服务
300696,爱乐达,航空航天装备
688297,中无人机,航空航天装备
831175,派诺科技,计算机软件
003006,百亚股份,其他轻工
688097,博众精工,专用设备
688595,芯海科技,半导体
839680,广道数字,计算机软件
832278,鹿得医疗,医疗器械
300249,依米康,计算机软件
001270,铖昌科技,半导体
002773,康弘药业,化学制药
605488,福莱新材,化学制品
301231,荣信文化,教育
002384,东山精密,电子器件
002356,赫美集团,服装家纺
603276,恒兴新材,化学原料
301267,华厦眼科,医疗服务
300100,双林股份,汽车
003001,中岩大地,建筑施工
688359,三孚新科,化学制品
838701,豪声电子,电子器件
920016,中草香料,化学制品
600446,金证股份,计算机软件
000596,古井贡酒,饮料
920118,太湖远大,化学制品
600577,精达股份,金属制品
000753,漳州发展,汽车
688543,国科军工,航空航天装备
688053,思科瑞,电子元件
002249,大洋电机,电机
832982,锦波生物,医疗器械
603977,国泰集团,化学制品
300718,长盛轴承,通用设备
600809,山西汾酒,饮料
002345,潮宏基,珠宝首饰
300745,欣锐科技,汽车
002925,盈趣科技,消费电子设备
871857,泓禧科技,电子元件
600804,*ST鹏博,通信设备
871642,通易航天,橡胶制品
600666,奥瑞德,专用设备
600131,国网信通,通信运营
300300,ST峡创,计算机软件
873305,九菱科技,金属制品
600693,东百集团,零售
600303,ST曙光,汽车
603377,ST东时,汽车
301079,邵阳液压,通用设备
600165,*ST宁科,化学制品
603067,振华股份,化学原料
603056,德邦股份,物流
002197,ST证通,计算机软件
002283,天润工业,汽车
600392,盛和资源,稀有金属
002215,诺 普 信,化肥农药
600386,北巴传媒,汽车
600686,金龙汽车,汽车
300527,中船应急,地面装备
000851,ST高鸿,通信设备
600289,*ST信通,通信设备
603150,万朗磁塑,化学制品
300383,光环新网,互联网技术
000615,ST美谷,医疗服务
600212,绿能慧充,电源设备
600360,ST华微,半导体
002439,启明星辰,计算机软件
873169,七丰精工,专用设备
603078,江化微,电子器件
688669,聚石化学,化学制品
002811,郑中设计,专业服务
002052,*ST同洲,电源设备
600398,海澜之家,服装家纺
920099,瑞华技术,化学制品
688398,赛特新材,化学制品
000006,深振业A,房地产开发
301349,信德新材,金属非金属新材料
300128,锦富技术,电子元件
002750,*ST龙津,中药生产
600184,光电股份,地面装备
002172,澳洋健康,合成纤维及树脂
301503,智迪科技,电子设备制造
600426,华鲁恒升,化肥农药
600576,祥源文旅,休闲服务
300119,瑞普生物,畜牧业
872190,雷神科技,计算机硬件
871981,晶赛科技,电子元件
600470,六国化工,化肥农药
000576,甘化科工,电源设备
300499,高澜股份,通用设备
600367,红星发展,化学原料
873570,坤博精工,通用设备
002582,好想你,食品
301603,乔锋智能,通用设备
002989,中天精装,装修装饰
873001,纬达光电,电子器件
000833,粤桂股份,综合
300547,川环科技,汽车
002025,航天电器,电子设备制造
833454,同心传动,汽车
300746,汉嘉设计,专业服务
301357,北方长龙,地面装备
603819,神力股份,电机
600361,创新新材,基本金属
000973,佛塑科技,化学制品
300994,久祺股份,其他交运设备
832225,利通科技,橡胶制品
920060,万源通,电子器件
835892,中科美菱,医疗器械
603171,税友股份,计算机软件
300650,太龙股份,电子元件
002122,汇洲智能,通用设备
300081,恒信东方,互联网服务
000534,万泽股份,生物医药
300868,杰美特,电子器件
002501,利源股份,基本金属
000426,兴业银锡,基本金属
688788,科思科技,电子设备制造
603220,中贝通信,通信设备
600777,ST新潮,石油天然气
300603,立昂技术,通信设备
873679,前进科技,通用设备
300840,酷特智能,服装家纺
688130,晶华微,电子元件
002739,万达电影,影视动漫
002072,凯瑞德,贸易
300957,贝泰妮,化学制品
002795,永和智控,通用设备
000710,贝瑞基因,医疗服务
600710,苏美达,贸易
600203,福日电子,消费电子设备
301566,达利凯普,电子元件
300777,中简科技,合成纤维及树脂
300980,祥源新材,化学制品
000408,藏格矿业,化肥农药
300737,科顺股份,其他建材
600416,湘电股份,电机
600218,全柴动力,通用设备
000910,大亚圣象,家具
600975,新五丰,畜牧业
300626,华瑞股份,电机
603316,诚邦股份,建筑施工
300629,新劲刚,通信设备
600600,青岛啤酒,饮料
600037,歌华有线,广播电视
688400,凌云光,专用设备
002846,英联股份,造纸印刷
300898,熊猫乳品,食品
300013,*ST新宁,物流
603317,天味食品,食品
603489,八方股份,电机
300101,振芯科技,航空航天装备
000156,华数传媒,广播电视
300351,永贵电器,铁路设备
000510,新金路,化学原料
838275,驱动力,畜牧业
002378,章源钨业,稀有金属
832145,恒合股份,通用设备
301428,世纪恒通,互联网服务
603279,景津装备,专用设备
688270,臻镭科技,计算机硬件
300651,金陵体育,文娱用品
838837,华原股份,汽车
600602,云赛智联,计算机软件
301082,久盛电气,输变电设备
688679,通源环境,环保
000619,海螺新材,其他建材
000570,苏常柴A,通用设备
600111,北方稀土,稀有金属
600773,西藏城投,房地产开发
600651,飞乐音响,汽车
601599,浙文影业,纺织
002689,远大智能,专用设备
603588,高能环境,环保
000610,西安旅游,休闲服务
300344,立方数科,计算机软件
301131,聚赛龙,化学制品
688622,禾信仪器,通用设备
688523,航天环宇,航空航天装备
601789,宁波建工,建筑施工
300447,全信股份,输变电设备
920088,科力股份,石油天然气
688115,思林杰,通用设备
000506,*ST中润,贵金属
001201,东瑞股份,畜牧业
301339,通行宝,计算机软件
301608,博实结,电子设备制造
001339,智微智能,电子设备制造
430425,乐创技术,计算机软件
300401,花园生物,化学制药
688563,航材股份,航空航天装备
002995,天地在线,互联网服务
002786,银宝山新,专用设备
688369,致远互联,计算机软件
300501,海顺新材,造纸印刷
002544,普天科技,通信设备
300078,思创医惠,电子设备制造
831305,海希通讯,通用设备
002872,ST天圣,医药商业
832171,志晟信息,计算机软件
835438,戈碧迦,光电子器件
000809,*ST和展,房地产开发
603887,城地香江,互联网服务
301191,菲菱科思,通信设备
603813,原尚股份,物流
603535,嘉诚国际,物流
688251,井松智能,计算机软件
834058,华洋赛车,摩托车
603261,立航科技,航空航天装备
300986,志特新材,建筑施工
600325,华发股份,房地产开发
300135,宝利国际,石油天然气
002712,思美传媒,营销服务
002364,中恒电气,电源设备
000700,模塑科技,汽车
870726,鸿智科技,小家电
873665,科强股份,橡胶制品
002063,远光软件,计算机软件
600736,苏州高新,房地产开发
001324,长青科技,其他交运设备
603895,天永智能,专用设备
000929,兰州黄河,饮料
300780,德恩精工,通用设备
300506,*ST名家,建筑施工
605259,绿田机械,通用设备
300905,宝丽迪,化学制品
002093,国脉科技,通信设备
000970,中科三环,金属非金属新材料
301272,英华特,通用设备
834639,晨光电缆,输变电设备
600531,豫光金铅,基本金属
000541,佛山照明,照明设备
300652,雷迪克,汽车
002885,京泉华,电子器件
300752,隆利科技,电子器件
002897,意华股份,通信设备
300276,三丰智能,专用设备
301169,零点有数,专业服务
300337,银邦股份,基本金属
000683,远兴能源,化学原料
688239,航宇科技,航空航天装备
603369,今世缘,饮料
300859,西域旅游,休闲服务
839273,一致魔芋,农业
000568,泸州老窖,饮料
600521,华海药业,化学制药
600435,北方导航,地面装备
000779,甘咨询,专业服务
601929,吉视传媒,广播电视
002612,朗姿股份,服装家纺
688048,长光华芯,半导体
002311,海大集团,畜牧业
300508,维宏股份,计算机软件
603027,千禾味业,食品
002620,瑞和股份,装修装饰
002695,煌上煌,食品
603306,华懋科技,汽车
603190,亚通精工,汽车
300841,康华生物,生物医药
688002,睿创微纳,电子设备制造
300222,科大智能,电子设备制造
600562,国睿科技,电子设备制造
600132,重庆啤酒,饮料
300919,中伟股份,电源设备
301529,福赛科技,汽车
600391,航发科技,航空航天装备
871753,天纺标,专业服务
300956,英力股份,消费电子设备
688126,沪硅产业,半导体
002369,卓翼科技,电子设备制造
000711,*ST京蓝,环保
300959,线上线下,通信设备
002719,麦趣尔,食品
300850,新强联,通用设备
300856,科思股份,化学制品
873132,泰鹏智能,家具
300442,润泽科技,通信运营
601901,方正证券,非银行金融
300967,晓鸣股份,畜牧业
603315,福鞍股份,环保
001328,登康口腔,化学制品
301050,雷电微力,电子设备制造
300658,延江股份,纺织
002422,科伦药业,化学制药
603039,泛微网络,计算机软件
870357,雅葆轩,电子元件
002389,航天彩虹,电子元件
600078,澄星股份,化学原料
002752,昇兴股份,造纸印刷
603516,淳中科技,计算机硬件
002421,达实智能,计算机软件
600458,时代新材,轨道交通设备
300469,信息发展,计算机软件
600316,洪都航空,航空航天装备
601900,南方传媒,平面媒体
688363,华熙生物,生物医药
688218,江苏北人,机器人
300884,狄耐克,电子设备制造
836807,奔朗新材,金属非金属新材料
002757,南兴股份,专用设备
002507,涪陵榨菜,食品
603787,新日股份,其他交运设备
603767,中马传动,汽车
603211,晋拓股份,汽车
603978,深圳新星,金属非金属新材料
600619,海立股份,白色家电
300073,当升科技,金属非金属新材料
600476,湘邮科技,计算机软件
688550,瑞联新材,化学制品
600729,重庆百货,零售
603061,金海通,半导体
300020,*ST银江,计算机软件
603665,康隆达,纺织
000837,秦川机床,通用设备
300945,曼卡龙,珠宝首饰
002675,东诚药业,化学制药
001314,亿道信息,电子设备制造
300350,华鹏飞,物流
300505,川金诺,化学原料
301138,华研精机,专用设备
600853,龙建股份,基础建设
688408,中信博,其他电气设备
688510,航亚科技,航空航天装备
000902,新洋丰,化肥农药
002868,绿康生化,畜牧业
300457,赢合科技,专用设备
605566,福莱蒽特,化学制品
600779,水井坊,饮料
002457,青龙管业,其他建材
603391,力聚热能,通用设备
000056,皇庭国际,商业物业经营
600281,华阳新材,稀有金属
688700,东威科技,专用设备
002042,华孚时尚,纺织
000589,贵州轮胎,橡胶制品
000657,中钨高新,稀有金属
605599,菜百股份,珠宝首饰
002179,中航光电,电子设备制造
002683,广东宏大,化学制品
603698,航天工程,专业服务
600601,方正科技,计算机硬件
002318,久立特材,钢铁
600629,华建集团,建筑施工
600706,曲江文旅,休闲服务
002617,露笑科技,输变电设备
300125,ST聆达,其他电气设备
603788,宁波高发,汽车
688333,铂力特,电子设备制造
300922,天秦装备,地面装备
688501,青达环保,专用设备
600459,贵研铂业,稀有金属
003038,鑫铂股份,基本金属
002343,慈文传媒,影视动漫
605188,国光连锁,零售
837403,康农种业,农业
301031,中熔电气,电子元件
600714,金瑞矿业,化学原料
600592,龙溪股份,通用设备
002388,ST新亚,电子设备制造
300138,晨光生物,农业
601958,金钼股份,稀有金属
000557,西部创业,公路铁路
300256,星星科技,电子器件
002158,汉钟精机,通用设备
000917,电广传媒,广播电视
600343,航天动力,航空航天装备
603982,泉峰汽车,汽车
002933,新兴装备,航空航天装备
600141,兴发集团,化学原料
603393,新天然气,燃气
603015,弘讯科技,专用设备
300975,商络电子,贸易
301219,腾远钴业,金属非金属新材料
300581,晨曦航空,航空航天装备
600403,大有能源,煤炭
301568,思泰克,电子设备制造
000932,华菱钢铁,钢铁
688282,*ST导航,地面装备
300432,富临精工,汽车
688337,普源精电,通用设备
603900,莱绅通灵,珠宝首饰
300723,一品红,化学制药
688182,灿勤科技,通信设备
688556,高测股份,专用设备
300313,ST天山,畜牧业
300870,欧陆通,电子设备制造
000785,居然智家,专业服务
688091,上海谊众,生物医药
688077,大地熊,金属非金属新材料
002548,金新农,畜牧业
688709,成都华微,半导体
601020,华钰矿业,基本金属
688176,亚虹医药-U,生物医药
833171,国航远洋,港口航运
600419,天润乳业,食品
600872,中炬高新,食品
002975,博杰股份,专用设备
832885,星辰科技,通用设备
603899,晨光股份,文娱用品
600764,中国海防,船舶与海洋装备
688686,奥普特,通用设备
002414,高德红外,电子设备制造
000721,西安饮食,休闲服务
301502,华阳智能,电机
300593,新雷能,电源设备
605118,力鼎光电,光电子器件
300649,杭州园林,建筑施工
301026,浩通科技,稀有金属
000661,长春高新,生物医药
002586,*ST围海,基础建设
300672,国科微,半导体
002956,西麦食品,食品
600711,ST盛屯,基本金属
600096,云天化,化肥农药
603199,九华旅游,休闲服务
000701,厦门信达,贸易
600282,南钢股份,钢铁
301213,观想科技,计算机软件
002837,英维克,专用设备
301361,众智科技,输变电设备
002494,华斯股份,服装家纺
688596,正帆科技,专用设备
600658,电子城,房地产开发
688539,高华科技,电子元件
601665,齐鲁银行,银行
002611,东方精工,专用设备
600223,福瑞达,化学制品
002840,华统股份,食品
002484,江海股份,电子元件
600959,江苏有线,广播电视
000795,英洛华,金属非金属新材料
600346,恒力石化,石油天然气
603186,华正新材,电子元件
301581,黄山谷捷,汽车
300199,翰宇药业,化学制药
600010,包钢股份,钢铁
002585,双星新材,造纸印刷
002572,索菲亚,家具
603991,至正股份,化学制品
603002,宏昌电子,化学制品
002516,旷达科技,纺织
000536,华映科技,电子器件
603983,丸美生物,化学制品
301328,维峰电子,电子元件
920019,铜冠矿建,建筑施工
301396,宏景科技,专业服务
688229,博睿数据,互联网服务
300995,奇德新材,化学制品
300403,汉宇集团,白色家电
003012,东鹏控股,陶瓷
002106,莱宝高科,电子器件
300894,火星人,小家电
688327,云从科技-UW,计算机软件
834021,流金科技,广播电视
002099,海翔药业,化学制药
001256,炜冈科技,专用设备
603912,佳力图,专用设备
301389,隆扬电子,电子元件
002919,名臣健康,互联网服务
002565,顺灏股份,造纸印刷
832023,田野股份,饮料
300189,神农种业,农业
688352,颀中科技,半导体
002815,崇达技术,电子元件
300445,康斯特,通用设备
688059,华锐精密,金属制品
605337,李子园,饮料
600725,云维股份,煤炭
600831,ST广网,广播电视
600760,中航沈飞,航空航天装备
002861,瀛通通讯,消费电子设备
000757,浩物股份,汽车
688499,利元亨,专用设备
600829,人民同泰,医药商业
688610,埃科光电,通用设备
600549,厦门钨业,稀有金属
002731,萃华珠宝,贵金属
000768,中航西飞,航空航天装备
603089,正裕工业,汽车
603281,江瀚新材,化学制品
688066,航天宏图,卫星应用
603319,湘油泵,汽车
300205,ST天喻,通信设备
301571,国科天成,光电子器件
300516,久之洋,电子设备制造
000055,方大集团,其他建材
000830,鲁西化工,化学新材料
603712,七一二,通信设备
300215,电科院,专业服务
301132,满坤科技,电子元件
603997,继峰股份,汽车
600802,福建水泥,水泥
000698,沈阳化工,石油天然气
688521,芯原股份,计算机软件
001313,粤海饲料,畜牧业
603270,金帝股份,通用设备
002246,北化股份,化学制品
600415,小商品城,贸易
600039,四川路桥,建筑施工
603919,金徽酒,饮料
601061,中信金属,贸易
603877,太平鸟,服装家纺
002847,盐津铺子,食品
600641,万业企业,房地产开发
301517,陕西华达,电子元件
300596,利安隆,化学原料
301458,钧崴电子,电子设备制造
002853,皮阿诺,家具
603198,迎驾贡酒,饮料
002154,报 喜 鸟,服装家纺
600846,同济科技,建筑施工
002638,勤上股份,光电子器件
600990,四创电子,地面装备
000629,钒钛股份,稀有金属
300700,岱勒新材,专用设备
603809,豪能股份,汽车
688628,优利德,通用设备
000925,众合科技,铁路设备
605589,圣泉集团,化学新材料
300892,品渥食品,食品
300034,钢研高纳,金属制品
600330,天通股份,电子元件
300719,安达维尔,航空航天装备
835508,殷图网联,计算机软件
688458,美芯晟,半导体
603826,坤彩科技,化学制品
600965,福成股份,畜牧业
300622,博士眼镜,零售
002282,博深股份,通用设备
002297,博云新材,金属制品
002935,天奥电子,航空航天装备
600828,茂业商业,零售
600358,国旅联合,营销服务
301222,浙江恒威,电源设备
300440,运达科技,计算机软件
002580,圣阳股份,电源设备
300264,佳创视讯,计算机软件
601086,国芳集团,零售
001338,永顺泰,饮料
301063,海锅股份,专用设备
301617,博苑股份,化学制品
000430,张家界,休闲服务
300530,领湃科技,化学制品
000953,河化股份,生物医药
688143,长盈通,电子元件
688385,复旦微电,半导体
603088,宁波精达,通用设备
600897,厦门空港,航空机场
300455,航天智装,计算机硬件
301069,凯盛新材,化学原料
002859,洁美科技,电子设备制造
002214,大立科技,电子设备制造
603515,欧普照明,照明设备
603995,甬金股份,钢铁
300699,光威复材,合成纤维及树脂
001203,大中矿业,铁矿石
001260,坤泰股份,汽车
002597,金禾实业,化学制品
301266,宇邦新材,电源设备
002098,浔兴股份,服装家纺
600879,航天电子,航空航天装备
688526,科前生物,畜牧业
002353,杰瑞股份,石油天然气
688098,申联生物,畜牧业
002577,雷柏科技,消费电子设备
603127,昭衍新药,医疗服务
300044,赛为智能,计算机软件
834950,迅安科技,电子设备制造
002896,中大力德,通用设备
603350,安乃达,电机
600538,国发股份,医药商业
000068,华控赛格,贸易
600422,昆药集团,中药生产
600737,中粮糖业,农业
831304,迪尔化工,化学原料
301292,海科新源,化学制品
002816,和科达,通用设备
872392,佳合科技,造纸印刷
300733,西菱动力,汽车
600803,新奥股份,燃气
603616,韩建河山,其他建材
603517,绝味食品,食品
300117,*ST嘉寓,电源设备
001216,华瓷股份,陶瓷
002277,友阿股份,零售
002010,传化智联,物流
600151,航天机电,汽车
688682,霍莱沃,计算机软件
600073,光明肉业,食品
300444,双杰电气,输变电设备
601369,陕鼓动力,通用设备
300299,富春股份,互联网服务
300146,汤臣倍健,食品
301287,康力源,文娱用品
603216,梦天家居,家具
300618,寒锐钴业,稀有金属
301020,密封科技,通用设备
002563,森马服饰,服装家纺
000715,中兴商业,零售
300940,南极光,电子设备制造
832735,德源药业,化学制药
300903,科翔股份,电子设备制造
839493,并行科技,计算机软件
688515,裕太微-U,半导体
000798,中水渔业,渔业
000758,中色股份,基本金属
603605,珀莱雅,化学制品
603137,恒尚节能,装修装饰
688188,柏楚电子,计算机软件
001360,南矿集团,专用设备
834599,同力股份,专用设备
000738,航发控制,航空航天装备
600753,庚星股份,贸易
603565,中谷物流,港口航运
300589,江龙船艇,船舶与海洋装备
002714,牧原股份,畜牧业
300008,天海防务,船舶与海洋装备
600792,云煤能源,煤炭
603659,璞泰来,金属非金属新材料
603108,润达医疗,医药商业
002463,沪电股份,电子元件
600079,人福医药,化学制药
600177,雅戈尔,服装家纺
300893,松原安全,汽车
600322,津投城开,房地产开发
002436,兴森科技,电子元件
603938,三孚股份,化学制品
605338,巴比食品,食品
603668,天马科技,畜牧业
002453,华软科技,化学制品
300430,诚益通,专用设备
002330,得利斯,食品
001211,双枪科技,其他轻工
300523,辰安科技,互联网服务
000547,航天发展,地面装备
300076,GQY视讯,电子器件
688106,金宏气体,化学原料
600482,中国动力,船舶与海洋装备
836263,中航泰达,环保
600495,晋西车轴,铁路设备
300782,卓胜微,半导体
300395,菲利华,金属非金属新材料
300272,开能健康,小家电
002094,青岛金王,化学制品
832651,天罡股份,通用设备
001322,箭牌家居,陶瓷
603579,荣泰健康,小家电
600135,乐凯胶片,化学制品
605286,同力日升,通用设备
002980,华盛昌,通用设备
688366,昊海生科,生物医药
603506,南都物业,房地产服务
300014,亿纬锂能,电源设备
839792,东和新材,耐火材料
000488,ST晨鸣,造纸印刷
002977,天箭科技,航空航天装备
603629,利通电子,电子元件
603886,元祖股份,食品
834682,球冠电缆,输变电设备
603059,倍加洁,其他轻工
000632,三木集团,综合
002069,獐子岛,渔业
003007,直真科技,计算机软件
600038,中直股份,航空航天装备
000553,安道麦A,化肥农药
301313,凡拓数创,计算机软件
600727,鲁北化工,化肥农药
600685,中船防务,船舶与海洋装备
601595,上海电影,影视动漫
002354,天娱数科,互联网服务
300775,三角防务,航空航天装备
837023,芭薇股份,化学制品
600893,航发动力,航空航天装备
002430,杭氧股份,环保
605123,派克新材,航空航天装备
601121,宝地矿业,铁矿石
600197,伊力特,饮料
831396,许昌智能,输变电设备
301052,果麦文化,平面媒体
300402,宝色股份,金属制品
600319,亚星化学,化学制品
002001,新 和 成,保健护理
002181,粤 传 媒,平面媒体
000848,承德露露,饮料
688281,华秦科技,金属非金属新材料
002446,盛路通信,通信设备
000912,泸天化,化肥农药
688500,慧辰股份,互联网服务
600067,冠城新材,输变电设备
000960,锡业股份,基本金属
688160,步科股份,专用设备
603866,桃李面包,食品
000858,五 粮 液,饮料
002346,柘中股份,输变电设备
839371,欧福蛋业,食品
002115,三维通信,营销服务
605003,众望布艺,纺织
002151,北斗星通,通信设备
603156,养元饮品,饮料
300515,三德科技,通用设备
688113,联测科技,专用设备
300997,欢乐家,饮料
300424,航新科技,航空航天装备
603345,安井食品,食品
002173,创新医疗,医疗服务
603606,东方电缆,输变电设备
688390,固德威,电源设备
603181,皇马科技,化学制品
603363,*ST傲农,畜牧业
600640,国脉文化,互联网服务
600298,安琪酵母,食品
002015,协鑫能科,电力
001316,润贝航科,贸易
002188,中天服务,房地产服务
688480,赛恩斯,专用设备
002291,遥望科技,互联网服务
688158,优刻得-W,互联网服务
300247,融捷健康,小家电
688552,航天南湖,电子设备制造
300140,节能环境,环保
002567,唐人神,畜牧业
688676,金盘科技,输变电设备
000011,深物业A,房地产开发
002978,安宁股份,稀有金属
600338,西藏珠峰,基本金属
603587,地素时尚,服装家纺
300498,温氏股份,畜牧业
300830,金现代,计算机软件
002679,福建金森,林业
688776,国光电气,电子器件
300163,ST先锋,纺织
002429,兆驰股份,视听器材
600232,金鹰股份,专用设备
605055,迎丰股份,纺织
601077,渝农商行,银行
000796,凯撒旅业,休闲服务
605089,味知香,食品
300735,光弘科技,电子设备制造
603329,上海雅仕,物流
001300,三柏硕,文娱用品
300549,优德精密,专用设备
601136,首创证券,非银行金融
600382,广东明珠,铁矿石
600873,梅花生物,畜牧业
600359,新农开发,农业
600655,豫园股份,零售
688321,微芯生物,化学制药
301373,凌玮科技,化学制品
600996,贵广网络,广播电视
300373,扬杰科技,半导体
600019,宝钢股份,钢铁
600448,华纺股份,纺织
600372,中航机载,航空航天装备
688718,唯赛勃,专用设备
300617,安靠智电,输变电设备
833455,汇隆活塞,通用设备
003036,泰坦股份,专用设备
002256,兆新股份,化学制品
300182,捷成股份,影视动漫
002157,正邦科技,畜牧业
301121,紫建电子,消费电子设备
002299,圣农发展,畜牧业
600490,鹏欣资源,基本金属
300410,正业科技,通用设备
300080,易成新能,电源设备
000419,通程控股,零售
600094,大名城,房地产开发
688391,钜泉科技,半导体
002458,益生股份,畜牧业
000708,中信特钢,钢铁
300740,水羊股份,化学制品
002101,广东鸿图,汽车
002495,佳隆股份,食品
300517,海波重科,基础建设
688562,航天软件,互联网服务
000029,深深房A,房地产开发
603955,大千生态,建筑施工
688244,永信至诚,计算机软件
002966,苏州银行,银行
002696,百洋股份,畜牧业
831961,创远信科,通信设备
688125,安达智能,专用设备
603683,晶华新材,化学制品
600363,联创光电,光电子器件
605389,长龄液压,通用设备
002182,宝武镁业,金属非金属新材料
300739,明阳电路,电子元件
603296,华勤技术,消费电子设备
600519,贵州茅台,饮料
300486,东杰智能,专用设备
603004,鼎龙科技,化学新材料
002827,高争民爆,化学制品
002227,奥 特 迅,电源设备
002234,民和股份,畜牧业
002965,祥鑫科技,汽车
003022,联泓新科,化学新材料
603055,台华新材,合成纤维及树脂
603759,海天股份,水务
688488,艾迪药业,化学制药
300406,九强生物,生物医药
300477,合纵科技,输变电设备
002652,扬子新材,金属制品
002084,海鸥住工,金属制品
300821,东岳硅材,化学制品
688256,寒武纪-U,电子设备制造
301118,恒光股份,化学原料
600815,厦工股份,专用设备
000799,酒鬼酒,饮料
688010,福光股份,光电子器件
600841,动力新科,通用设备
600885,宏发股份,输变电设备
002988,豪美新材,基本金属
000521,长虹美菱,白色家电
301429,森泰股份,化学新材料
301601,惠通科技,专用设备
000060,中金岭南,基本金属
000423,东阿阿胶,中药生产
601058,赛轮轮胎,橡胶制品
002170,芭田股份,化肥农药
600901,江苏金租,非银行金融
600284,浦东建设,基础建设
300722,新余国科,航空航天装备
301206,三元生物,食品
001277,速达股份,专用设备
002201,九鼎新材,合成纤维及树脂
002575,群兴玩具,贸易
301136,招标股份,专业服务
601816,京沪高铁,公路铁路
600671,ST目药,中药生产
000034,神州数码,计算机硬件
300212,易华录,计算机软件
601825,沪农商行,银行
603226,菲林格尔,家具
002059,云南旅游,休闲服务
300145,中金环境,通用设备
300802,矩子科技,电子设备制造
600054,黄山旅游,休闲服务
605388,均瑶健康,食品
301606,绿联科技,消费电子设备
688173,希荻微,半导体
600696,岩石股份,饮料
600280,中央商场,零售
002716,湖南白银,稀有金属
002470,金正大,化肥农药
603970,中农立华,化肥农药
300397,天和防务,电子设备制造
300360,炬华科技,输变电设备
300761,立华股份,畜牧业
603999,读者传媒,平面媒体
688011,新光光电,电子设备制造
301127,天源环保,环保
871553,凯腾精工,专用设备
603589,口子窖,饮料
002800,天顺股份,物流
603697,有友食品,食品
002313,日海智能,通信设备
838262,太湖雪,服装家纺
000963,华东医药,医药商业
600148,长春一东,汽车
300503,昊志机电,通用设备
300029,ST天龙,电源设备
301116,益客食品,食品
000403,派林生物,生物医药
301078,孩子王,零售
300665,飞鹿股份,化学制品
600058,五矿发展,贸易
002677,浙江美大,小家电
300838,浙江力诺,输变电设备
300656,民德电子,计算机硬件
002261,拓维信息,计算机软件
600618,氯碱化工,化学原料
603839,安正时尚,服装家纺
688255,凯尔达,机器人
600195,中牧股份,畜牧业
002348,高乐股份,文娱用品
605198,安德利,饮料
600679,上海凤凰,其他交运设备
600326,西藏天路,水泥
301578,辰奕智能,电子器件
603026,石大胜华,化学原料
002519,银河电子,地面装备
688696,极米科技,消费电子设备
601606,长城军工,地面装备
300425,中建环能,环保
603536,惠发食品,食品
600697,欧亚集团,零售
600648,外高桥,贸易
300017,网宿科技,互联网技术
600855,航天长峰,计算机硬件
002796,世嘉科技,电子设备制造
000729,燕京啤酒,饮料
835207,众诚科技,计算机软件
300932,三友联众,电子设备制造
601616,广电电气,输变电设备
600133,东湖高新,基础建设
600497,驰宏锌锗,基本金属
600352,浙江龙盛,化学制品
688758,赛分科技,化学制品
601969,海南矿业,铁矿石
301302,华如科技,计算机软件
601888,中国中免,贸易
002461,珠江啤酒,饮料
600379,宝光股份,其他电气设备
002707,众信旅游,休闲服务
000822,山东海化,化学原料
688717,艾罗能源,电子设备制造
002073,软控股份,专用设备
300252,金信诺,通信设备
600754,锦江酒店,休闲服务
688114,华大智造,医疗器械
300231,银信科技,计算机软件
000561,烽火电子,通信设备
000702,正虹科技,畜牧业
600801,华新水泥,水泥
300368,ST汇金,计算机硬件
002646,天佑德酒,饮料
601038,一拖股份,专用设备
002857,三晖电气,通用设备
300413,芒果超媒,互联网服务
002374,中锐股份,金属制品
300619,金银河,专用设备
301306,西测测试,专业服务
600556,天下秀,互联网服务
000962,东方钽业,金属非金属新材料
603505,金石资源,化学原料
001389,广合科技,半导体
600702,舍得酒业,饮料
688388,嘉元科技,金属非金属新材料
002287,奇正藏药,中药生产
601106,中国一重,专用设备
002192,融捷股份,稀有金属
835640,富士达,通信设备
002408,齐翔腾达,化学原料
300448,浩云科技,计算机软件
300144,宋城演艺,休闲服务
600493,凤竹纺织,纺织
301011,华立科技,文娱用品
000417,合百集团,零售
600128,苏豪弘业,贸易
301190,善水科技,化学制品
300127,银河磁体,金属非金属新材料
600603,ST广物,公路铁路
600712,南宁百货,零售
300321,同大股份,化学制品
300797,钢研纳克,专业服务
688128,中国电研,专用设备
000036,华联控股,房地产开发
300106,西部牧业,食品
002049,紫光国微,半导体
002209,达 意 隆,专用设备
002981,朝阳科技,电子设备制造
601166,兴业银行,银行
000876,新 希 望,畜牧业
600543,莫高股份,饮料
600250,南京商旅,贸易
000923,河钢资源,铁矿石
002316,ST亚联,通信设备
301067,显盈科技,电子器件
600299,安迪苏,化学制品
603288,海天味业,食品
000635,英 力 特,化学原料
300087,荃银高科,农业
603151,邦基科技,畜牧业
003042,中农联合,化肥农药
300123,亚光科技,电子器件
301157,华塑科技,计算机硬件
300877,金春股份,纺织
688231,隆达股份,金属制品
600486,扬农化工,化肥农药
300682,朗新集团,计算机软件
002268,电科网安,计算机软件
300245,天玑科技,计算机软件
605001,威奥股份,轨道交通设备
000656,*ST金科,房地产开发
002790,瑞尔特,其他轻工
002539,云图控股,化肥农药
688586,江航装备,航空航天装备
600594,益佰制药,中药生产
002091,江苏国泰,贸易
002651,利君股份,专用设备
002419,天虹股份,零售
688080,映翰通,通信设备
301262,海看股份,广播电视
300011,鼎汉技术,轨道交通设备
300180,华峰超纤,化学制品
000010,美丽生态,基础建设
000151,中成股份,贸易
301388,欣灵电气,输变电设备
430418,苏轴股份,通用设备
002159,三特索道,休闲服务
603191,望变电气,输变电设备
605180,华生科技,纺织
600371,万向德农,农业
600438,通威股份,电源设备
600573,惠泉啤酒,饮料
002386,天原股份,化学原料
601567,三星医疗,输变电设备
600463,空港股份,房地产开发
600118,中国卫星,航空航天装备
002905,金逸影视,影视动漫
600066,宇通客车,汽车
000920,沃顿科技,化学制品
688345,博力威,电源设备
836422,润普食品,食品
600983,惠而浦,白色家电
605377,华旺科技,造纸印刷
603043,广州酒家,食品
000762,西藏矿业,稀有金属
600858,银座股份,零售
600243,青海华鼎,专用设备
301282,金禄电子,电子器件
000863,三湘印象,房地产开发
601966,玲珑轮胎,橡胶制品
600537,亿晶光电,电源设备
600099,林海股份,其他交运设备
300188,国投智能,计算机软件
300165,ST天瑞,通用设备
000638,万方发展,农业
688061,灿瑞科技,半导体
300798,锦鸡股份,化学制品
002848,高斯贝尔,视听器材
000622,*ST恒立,汽车
600500,中化国际,化学原料
600328,中盐化工,化学原料
002205,国统股份,基础建设
002601,龙佰集团,化学制品
300846,首都在线,互联网技术
600320,振华重工,通用设备
002226,江南化工,化学制品
832522,纳科诺尔,通用设备
688226,威腾电气,输变电设备
002425,ST凯文,互联网服务
603876,鼎胜新材,基本金属
688119,中钢洛耐,耐火材料
600027,华电国际,电力
002057,中钢天源,金属非金属新材料
603559,*ST通脉,通信设备
603136,天目湖,休闲服务
002191,劲嘉股份,造纸印刷
301141,中科磁业,金属非金属新材料
300091,金通灵,通用设备
301216,万凯新材,化学新材料
002985,北摩高科,航空航天装备
301556,托普云农,计算机软件
002780,三夫户外,服装家纺
688069,德林海,环保
301098,金埔园林,建筑施工
000032,深桑达A,建筑施工
302132,中航成飞,通用设备
600115,中国东航,航空机场
002538,司尔特,化肥农药
603838,四通股份,陶瓷
688565,力源科技,专用设备
603908,牧高笛,纺织
300528,幸福蓝海,影视动漫
002486,嘉麟杰,服装家纺
301330,熵基科技,计算机软件
600439,瑞贝卡,其他轻工
301273,瑞晨环保,通用设备
300875,捷强装备,地面装备
300847,中船汉光,计算机硬件
601608,中信重工,专用设备
600559,老白干酒,饮料
000428,华天酒店,休闲服务
600378,昊华科技,化学制品
003043,华亚智能,金属制品
301288,清研环境,专用设备
002686,亿利达,通用设备
603359,东珠生态,环保
002591,恒大高新,化学制品
002100,天康生物,畜牧业
002949,华阳国际,专业服务
000823,超声电子,电子元件
000524,岭南控股,休闲服务
603155,新亚强,化学制品
601838,成都银行,银行
600436,片仔癀,中药生产
688292,浩瀚深度,互联网服务
688312,燕麦科技,专用设备
603230,内蒙新华,平面媒体
600986,浙文互联,互联网服务
002004,华邦健康,化肥农药
600673,东阳光,综合
002982,湘佳股份,畜牧业
002254,泰和新材,合成纤维及树脂
600138,中青旅,休闲服务
000593,德龙汇能,燃气
601577,长沙银行,银行
003000,劲仔食品,食品
831087,秋乐种业,农业
601218,吉鑫科技,电源设备
600428,中远海特,港口航运
000636,风华高科,电子元件
301552,科力装备,汽车
601968,宝钢包装,造纸印刷
003033,征和工业,通用设备
600960,渤海汽车,汽车
002309,*ST中利,输变电设备
001258,立新能源,电力
688392,骄成超声,专用设备
002798,帝欧家居,家具
600125,铁龙物流,公路铁路
301101,明月镜片,合成纤维及树脂
002552,宝鼎科技,通用设备
603079,圣达生物,食品
605058,澳弘电子,半导体
600271,航天信息,计算机硬件
688316,青云科技-U,计算机软件
002465,海格通信,通信设备
603344,星德胜,电机
002294,信立泰,化学制药
601158,重庆水务,水务
002021,中捷资源,专用设备
600084,中信尼雅,饮料
600748,上实发展,房地产开发
000037,深南电A,电力
002726,龙大美食,食品
002448,中原内配,汽车
873122,中纺标,专业服务
600690,海尔智家,白色家电
300808,久量股份,照明设备
600305,恒顺醋业,食品
300371,汇中股份,通用设备
002969,嘉美包装,造纸印刷
600749,西藏旅游,休闲服务
430556,雅达股份,通用设备
002746,仙坛股份,畜牧业
002702,海欣食品,食品
601188,龙江交通,公路铁路
002441,众业达,其他电气设备
300322,硕贝德,电子设备制造
300684,中石科技,化学新材料
002545,东方铁塔,化肥农药
300097,ST智云,通用设备
002627,三峡旅游,休闲服务
301165,锐捷网络,通信设备
002732,燕塘乳业,食品
600838,上海九百,零售
600845,宝信软件,计算机软件
600628,新世界,零售
601717,郑煤机,专用设备
601615,明阳智能,其他电气设备
002576,通达动力,电机
000558,天府文旅,休闲服务
600180,瑞茂通,煤炭
600593,大连圣亚,休闲服务
300365,恒华科技,计算机软件
600332,白云山,中药生产
603609,禾丰股份,畜牧业
000898,鞍钢股份,钢铁
002578,闽发铝业,基本金属
600235,民丰特纸,造纸印刷
300069,金利华电,输变电设备
301311,昆船智能,电子设备制造
002200,ST交投,建筑施工
603073,彩蝶实业,纺织
000544,中原环保,水务
605098,行动教育,教育
300102,乾照光电,光电子器件
002108,沧州明珠,其他建材
002240,盛新锂能,金属非金属新材料
002131,利欧股份,营销服务
600400,红豆股份,服装家纺
301018,申菱环境,专用设备
002081,金 螳 螂,装修装饰
000813,德展健康,生物医药
002231,奥维通信,通信设备
603303,得邦照明,光电子器件
603353,和顺石油,石油天然气
002304,洋河股份,饮料
003030,祖名股份,食品
603612,索通发展,化学制品
600877,电科芯片,半导体
873690,捷众科技,汽车
002645,华宏科技,环保
000679,大连友谊,零售
603173,福斯达,通用设备
300323,华灿光电,光电子器件
001202,炬申股份,物流
002755,奥赛康,化学制药
001239,永达股份,金属制品
002832,比音勒芬,服装家纺
600152,维科技术,电源设备
002480,新筑股份,轨道交通设备
301536,星宸科技,半导体
300908,仲景食品,食品
003023,彩虹集团,消费电子设备
300026,红日药业,中药生产
002300,太阳电缆,输变电设备
600992,贵绳股份,金属制品
601028,玉龙股份,贵金属
003037,三和管桩,水泥
600258,首旅酒店,休闲服务
000707,双环科技,化学原料
300001,特锐德,输变电设备
300900,广联航空,航空航天装备
300292,吴通控股,通信设备
601328,交通银行,银行
600251,冠农股份,农业
000885,城发环境,环保
601908,京运通,电力
002830,名雕股份,装修装饰
300824,北鼎股份,其他家电
600331,宏达股份,化学原料
000860,顺鑫农业,饮料
300487,蓝晓科技,化学制品
002671,龙泉股份,其他建材
301040,中环海陆,金属制品
601700,风范股份,输变电设备
688536,思瑞浦,半导体
600810,神马股份,合成纤维及树脂
000825,太钢不锈,钢铁
603029,天鹅股份,专用设备
603708,家家悦,零售
603215,比依股份,小家电
300882,万胜智能,通用设备
600397,安源煤业,煤炭
002700,ST浩源,燃气
603800,洪田股份,专用设备
600698,湖南天雁,汽车
601111,中国国航,航空机场
600388,龙净环保,专用设备
002216,三全食品,食品
002856,美芝股份,装修装饰
603569,长久物流,物流
002242,九阳股份,小家电
601011,宝泰隆,煤炭
002836,新宏泽,造纸印刷
002107,沃华医药,中药生产
300481,濮阳惠成,化学制品
600793,宜宾纸业,造纸印刷
603931,格林达,化学制品
600758,辽宁能源,煤炭
002717,岭南股份,环保
002511,中顺洁柔,造纸印刷
605399,晨光新材,化学原料
688022,瀚川智能,专用设备
000978,桂林旅游,休闲服务
002909,集泰股份,化学制品
600582,天地科技,专用设备
002053,云南能投,电源设备
688032,禾迈股份,输变电设备
300162,雷曼光电,光电子器件
871263,莱赛激光,通用设备
300748,金力永磁,金属非金属新材料
600408,安泰集团,煤炭
002634,棒杰股份,服装家纺
300713,英可瑞,电源设备
601918,新集能源,煤炭
002682,龙洲股份,物流
002518,科士达,电源设备
688157,松井股份,化学制品
601229,上海银行,银行
603072,XD天和磁,金属非金属新材料
001331,胜通能源,物流
301377,鼎泰高科,金属制品
002987,京北方,互联网服务
002991,甘源食品,食品
601512,中新集团,房地产开发
301029,怡合达,通用设备
600854,春兰股份,房地产开发
000301,东方盛虹,化学原料
601366,利群股份,零售
003031,中瓷电子,电子设备制造
601212,白银有色,基本金属
600335,国机汽车,汽车
002483,润邦股份,通用设备
603959,ST百利,通用设备
603321,梅轮电梯,专用设备
002508,老板电器,小家电
301217,铜冠铜箔,电子元件
603312,西典新能,其他电气设备
000659,珠海中富,造纸印刷
000913,钱江摩托,摩托车
000663,永安林业,林业
603071,物产环能,贸易
600444,国机通用,通用设备
301012,扬电科技,输变电设备
301337,亚华电子,专业服务
688223,晶科能源,电源设备
603709,中源家居,家具
600730,中国高科,教育
300556,丝路视觉,计算机软件
000584,*ST工智,机器人
002233,塔牌集团,水泥
002493,荣盛石化,合成纤维及树脂
688545,兴福电子,化学新材料
603052,可川科技,电子元件
601688,华泰证券,非银行金融
300909,汇创达,电子器件
002009,天奇股份,专用设备
000793,华闻集团,平面媒体
688309,恒誉环保,专用设备
688268,华特气体,化学原料
001229,魅视科技,电子设备制造
002023,海特高新,航空航天装备
600036,招商银行,银行
600639,浦东金桥,房地产开发
603023,*ST威帝,汽车
600798,宁波海运,港口航运
002852,道道全,农业
002065,东华软件,计算机软件
600163,中闽能源,电力
600173,卧龙地产,房地产开发
603466,风语筑,专业服务
603628,清源股份,电源设备
688592,司南导航,卫星应用
600816,建元信托,非银行金融
603227,雪峰科技,化学制品
600210,紫江企业,造纸印刷
300953,震裕科技,专用设备
300631,久吾高科,环保
601728,中国电信,通信运营
600540,新赛股份,农业
300999,金龙鱼,农业
600731,湖南海利,化肥农药
688772,珠海冠宇,电源设备
300342,天银机电,白色家电
688330,宏力达,其他电气设备
833394,民士达,造纸印刷
600883,博闻科技,农业
600583,海油工程,石油天然气
300043,星辉娱乐,互联网服务
601016,节能风电,电力
600800,渤海化学,化学原料
002867,周大生,珠宝首饰
000042,中洲控股,房地产开发
603325,博隆技术,通用设备
600229,城市传媒,平面媒体
600201,生物股份,畜牧业
002431,棕榈股份,建筑施工
301202,朗威股份,通用设备
600887,伊利股份,食品
601568,北元集团,化学原料
600072,中船科技,建筑施工
603075,热威股份,其他家电
601996,丰林集团,林业
600956,新天绿能,燃气
300278,华昌达,通用设备
000751,锌业股份,基本金属
003009,中天火箭,航空航天装备
002588,史丹利,化肥农药
600691,阳煤化工,化肥农药
603366,日出东方,白色家电
600620,天宸股份,房地产开发
002062,宏润建设,基础建设
603885,吉祥航空,航空机场
600745,闻泰科技,消费电子设备
600119,长江投资,物流
300303,聚飞光电,光电子器件
688122,西部超导,金属非金属新材料
300203,聚光科技,专用设备
000566,海南海药,化学制药
603272,联翔股份,其他轻工
000670,盈方微,半导体
600668,尖峰集团,水泥
600616,金枫酒业,饮料
300193,佳士科技,通用设备
600496,精工钢构,钢结构
002895,川恒股份,化学原料
600548,深高速,公路铁路
688509,正元地信,专业服务
002289,ST宇顺,电子器件
002127,南极电商,互联网商务
873223,荣亿精密,通用设备
603187,海容冷链,通用设备
688768,容知日新,通用设备
600746,江苏索普,化学制品
000993,闽东电力,电力
003017,大洋生物,化学原料
600596,新安股份,化肥农药
001326,联域股份,照明设备
603871,嘉友国际,物流
605507,国邦医药,化学制药
300419,ST浩丰,计算机软件
603228,景旺电子,电子元件
000850,华茂股份,纺织
002186,全 聚 德,休闲服务
603778,国晟科技,电源设备
002332,仙琚制药,化学制药
603099,长白山,休闲服务
300190,维尔利,环保
000025,特  力A,珠宝首饰
688472,阿特斯,电子器件
603221,爱丽家居,家具
600862,中航高科,航空航天装备
603500,祥和实业,铁路设备
000869,张  裕A,饮料
300991,创益通,电子元件
688302,海创药业-U,生物医药
600527,江南高纤,合成纤维及树脂
300228,富瑞特装,专用设备
688657,浩辰软件,计算机软件
301488,豪恩汽电,电子设备制造
603299,苏盐井神,食品
300420,五洋自控,通用设备
000407,胜利股份,燃气
600667,太极实业,建筑施工
002148,北纬科技,通信设备
600433,冠豪高新,造纸印刷
600278,东方创业,贸易
002329,皇氏集团,食品
600191,华资实业,农业
002557,洽洽食品,食品
600780,通宝能源,电力
600578,京能电力,电力
300878,维康药业,中药生产
002152,广电运通,计算机硬件
002320,海峡股份,港口航运
601088,中国神华,煤炭
002058,威尔泰,输变电设备
002171,楚江新材,基本金属
601126,四方股份,输变电设备
603161,科华控股,汽车
601890,亚星锚链,船舶与海洋装备
605567,春雪食品,食品
600076,康欣新材,林业
601187,厦门银行,银行
600707,彩虹股份,电子器件
600409,三友化工,化学原料
002370,亚太药业,化学制药
600456,宝钛股份,稀有金属
600623,华谊集团,化学制品
688319,欧林生物,生物医药
002266,浙富控股,环保
000545,金浦钛业,化学原料
300762,上海瀚讯,地面装备
688558,国盛智科,通用设备
603486,科沃斯,机器人
688616,西力科技,通用设备
600551,时代出版,平面媒体
300536,*ST农尚,建筑施工
600917,重庆燃气,燃气
600399,抚顺特钢,钢铁
003003,天元股份,造纸印刷
600295,鄂尔多斯,铁矿石
600586,金晶科技,玻璃
000759,中百集团,零售
603878,武进不锈,钢铁
301345,涛涛车业,其他交运设备
002829,星网宇达,航空航天装备
605122,四方新材,水泥
300032,金龙机电,电子器件
002513,蓝丰生化,化肥农药
002718,友邦吊顶,其他建材
600512,腾达建设,建筑施工
002984,森麒麟,橡胶制品
688602,康鹏科技,化学制品
002498,汉缆股份,输变电设备
002326,永太科技,化学原料
002037,保利联合,化学制品
600097,开创国际,渔业
300929,华骐环保,环保
000897,津滨发展,房地产开发
300427,红相股份,输变电设备
605299,舒华体育,文娱用品
000599,青岛双星,橡胶制品
300079,数码视讯,通信设备
002884,凌霄泵业,通用设备
688067,爱威科技,医疗器械
000088,盐 田 港,港口航运
603022,新通联,造纸印刷
601998,中信银行,银行
300749,顶固集创,家具
600597,光明乳业,食品
001219,青岛食品,食品
000778,新兴铸管,钢铁
301000,肇民科技,化学制品
603238,诺邦股份,纺织
002176,江特电机,电机
600029,南方航空,航空机场
002771,真视通,计算机软件
605258,协和电子,电子设备制造
002626,金达威,保健护理
688383,新益昌,专用设备
300724,捷佳伟创,电源设备
000543,皖能电力,电力
603256,宏和科技,合成纤维及树脂
000731,四川美丰,化肥农药
300181,佐力药业,中药生产
688303,大全能源,电源设备
688371,菲沃泰,电子设备制造
601990,南京证券,非银行金融
300376,ST易事特,电源设备
300067,安诺其,化学制品
002926,华西证券,非银行金融
002086,东方海洋,医疗器械
831726,朱老六,食品
300848,美瑞新材,化学制品
600059,古越龙山,饮料
300389,艾比森,光电子器件
002456,欧菲光,光电子器件
300414,中光防雷,通信设备
002952,亚世光电,电子器件
002775,文科股份,建筑施工
601566,九牧王,服装家纺
600130,波导股份,通信设备
301153,中科江南,计算机软件
605222,起帆电缆,输变电设备
688045,必易微,半导体
600977,中国电影,影视动漫
301618,长联科技,纺织
605366,宏柏新材,化学制品
300591,万里马,服装家纺
600612,老凤祥,珠宝首饰
603188,亚邦股份,化学制品
688068,热景生物,医疗器械
688560,明冠新材,电源设备
603115,海星股份,电子元件
600202,哈空调,通用设备
000529,广弘控股,食品
300317,珈伟新能,电源设备
002782,可立克,电子设备制造
603558,健盛集团,服装家纺
603007,ST花王,建筑施工
600955,维远股份,化学原料
002169,智光电气,输变电设备
300251,光线传媒,影视动漫
000921,海信家电,白色家电
688671,碧兴物联,通用设备
600880,博瑞传播,教育
601008,连云港,港口航运
600161,天坛生物,生物医药
605268,王力安防,金属制品
605136,丽人丽妆,互联网商务
300334,津膜科技,环保
600984,建设机械,专用设备
300265,通光线缆,输变电设备
002467,二六三,通信运营
002742,ST三圣,化学制药
002189,中光学,光电子器件
688103,国力股份,电子器件
688659,元琛科技,专用设备
300185,通裕重工,通用设备
301448,开创电气,通用设备
605008,长鸿高科,橡胶制品
600740,山西焦化,煤炭
603102,百合股份,食品
603313,梦百合,家具
002506,协鑫集成,电源设备
601609,金田股份,基本金属
600918,中泰证券,非银行金融
000338,潍柴动力,汽车
601388,怡球资源,基本金属
600630,龙头股份,服装家纺
600396,华电辽能,电力
300355,蒙草生态,环保
002076,星光股份,光电子器件
002136,安 纳 达,化学制品
002383,合众思壮,卫星应用
002528,ST英飞拓,计算机硬件
688031,星环科技-U,计算机软件
300019,硅宝科技,化学制品
002492,恒基达鑫,物流
600568,ST中珠,生物医药
600515,海南机场,房地产开发
600021,上海电力,电力
300291,百纳千成,营销服务
002951,*ST金时,电源设备
002587,奥拓电子,光电子器件
830809,安达科技,金属非金属新材料
600863,内蒙华电,电力
002930,宏川智慧,物流
002877,智能自控,通用设备
600784,鲁银投资,化学新材料
600615,丰华股份,金属制品
300858,科拓生物,食品
600755,厦门国贸,贸易
600683,京投发展,房地产开发
600169,太原重工,专用设备
002418,康盛股份,专用设备
600797,浙大网新,计算机软件
002738,中矿资源,稀有金属
000783,长江证券,非银行金融
600981,汇鸿集团,贸易
300668,杰恩设计,专业服务
300055,万邦达,环保
002736,国信证券,非银行金融
002886,沃特股份,化学制品
002040,南 京 港,港口航运
002133,广宇集团,房地产开发
603528,多伦科技,计算机软件
600624,复旦复华,医药商业
002375,亚厦股份,装修装饰
002096,易普力,化学制品
688485,九州一轨,专用设备
003018,金富科技,造纸印刷
600449,宁夏建材,水泥
000571,新大洲A,煤炭
688601,力芯微,电子器件
600775,南京熊猫,通信设备
601528,瑞丰银行,银行
600844,丹化科技,化学制品
002817,黄山胶囊,化学制药
600929,雪天盐业,食品
603355,莱克电气,小家电
830946,森萱医药,化学制药
601222,林洋能源,输变电设备
600857,宁波中百,零售
300691,联合光电,光电子器件
600011,华能国际,电力
601999,出版传媒,平面媒体
601718,际华集团,服装家纺
002783,凯龙股份,化学制品
603030,全筑股份,装修装饰
603392,万泰生物,生物医药
600023,浙能电力,电力
300437,清水源,化学制品
300535,达威股份,化学制品
301392,汇成真空,通用设备
872931,无锡鼎邦,专用设备
601949,中国出版,平面媒体
002032,苏 泊 尔,小家电
600158,中体产业,体育
600062,华润双鹤,化学制药
600462,*ST九有,营销服务
300510,金冠股份,输变电设备
688428,诺诚健华-U,生物医药
603648,畅联股份,物流
600051,宁波联合,综合
000607,华媒控股,营销服务
002561,徐家汇,零售
301300,远翔新材,化学制品
836826,盖世食品,农业
600795,国电电力,电力
601128,常熟银行,银行
688146,中船特气,半导体
001218,丽臣实业,化学制品
688212,澳华内镜,医疗器械
002340,格林美,电源设备
002512,达华智能,电子元件
603098,森特股份,装修装饰
000626,远大控股,贸易
605020,永和股份,化学制品
600226,亨通股份,电力
300015,爱尔眼科,医疗服务
000881,中广核技,化学原料
300269,联建光电,电子器件
603903,中持股份,环保
301168,通灵股份,其他电气设备
000008,神州高铁,铁路设备
002019,亿帆医药,生物医药
300310,宜通世纪,通信设备
000930,中粮科技,农业
600329,达仁堂,中药生产
600429,三元股份,食品
603351,威尔药业,化学制药
000888,峨眉山A,休闲服务
688178,万德斯,环保
300971,博亚精工,通用设备
000895,双汇发展,食品
600318,新力金融,非银行金融
601882,海天精工,通用设备
600108,亚盛集团,农业
002550,千红制药,化学制药
002011,盾安环境,通用设备
002661,克明食品,食品
301419,阿莱德,通信设备
603680,今创集团,铁路设备
600488,津药药业,化学制药
003035,南网能源,专业服务
603703,盛洋科技,电子器件
003039,顺控发展,水务
002541,鸿路钢构,钢结构
002376,新北洋,计算机硬件
601916,浙商银行,银行
600916,中国黄金,珠宝首饰
600015,华夏银行,银行
300219,鸿利智汇,光电子器件
002955,鸿合科技,电子元件
300305,裕兴股份,化学制品
000009,中国宝安,综合
300674,宇信科技,互联网服务
002184,海得控制,输变电设备
002668,TCL智家,白色家电
002135,东南网架,钢结构
301041,金百泽,电子元件
600824,益民集团,服装家纺
000713,丰乐种业,农业
600160,巨化股份,化学原料
601399,国机重装,专用设备
002476,宝莫股份,化学制品
603818,曲美家居,家具
603817,海峡环保,环保
600642,申能股份,电力
003015,日久光电,光电子器件
001217,华尔泰,化学原料
603681,永冠新材,化学制品
002123,梦网科技,通信设备
002818,富森美,商业物业经营
603808,歌力思,服装家纺
605179,一鸣食品,食品
600405,动力源,电源设备
600032,浙江新能,电力
000720,新能泰山,输变电设备
837592,华信永道,计算机软件
601633,长城汽车,汽车
603989,艾华集团,电子元件
600529,山东药玻,医疗器械
000990,诚志股份,化学制品
688287,ST观典,航空航天装备
600369,西南证券,非银行金融
000901,航天科技,通用设备
300012,华测检测,专业服务
600692,亚通股份,房地产开发
300066,三川智慧,通用设备
688419,耐科装备,专用设备
002697,红旗连锁,零售
002688,金河生物,畜牧业
000539,粤电力A,电力
301105,鸿铭股份,专用设备
002286,保龄宝,农业
688112,鼎阳科技,通用设备
603103,横店影视,影视动漫
001283,豪鹏科技,电源设备
300204,舒泰神,生物医药
601877,正泰电器,输变电设备
002132,恒星科技,金属制品
300021,大禹节水,农业
002687,乔治白,服装家纺
000955,欣龙控股,纺织
300268,ST佳沃,渔业
833509,同惠电子,通用设备
600333,长春燃气,燃气
002305,南国置业,房地产开发
002092,ST中泰,化学原料
688711,宏微科技,电子元件
603066,音飞储存,专用设备
000726,鲁  泰A,纺织
000523,红棉股份,食品
002361,神剑股份,合成纤维及树脂
600820,隧道股份,基础建设
002228,合兴包装,造纸印刷
300717,华信新材,化学制品
300936,中英科技,通信设备
600098,广州发展,电力
300621,维业股份,装修装饰
000004,国华网安,计算机软件
600528,中铁工业,轨道交通设备
000727,冠捷科技,电子器件
300573,兴齐眼药,生物医药
688261,东微半导,半导体
002850,科达利,金属制品
300039,上海凯宝,中药生产
301626,苏州天脉,电子元件
600744,华银电力,电力
000027,深圳能源,电力
688349,三一重能,电源设备
600452,涪陵电力,电力
603909,建发合诚,建筑施工
872953,国子软件,计算机软件
603069,海汽集团,公路铁路
001269,欧晶科技,环保
000061,农 产 品,商业物业经营
603076,乐惠国际,专用设备
300815,玉禾田,专业服务
601156,东航物流,航空机场
301322,绿通科技,其他交运设备
002012,凯恩股份,造纸印刷
601012,隆基绿能,电源设备
002190,成飞集成,其他电气设备
300608,思特奇,计算机软件
601515,东峰集团,造纸印刷
601228,广州港,港口航运
000972,中基健康,农业
600660,福耀玻璃,汽车
000737,北方铜业,基本金属
600963,岳阳林纸,造纸印刷
300633,开立医疗,医疗器械
301228,实朴检测,专业服务
600644,乐山电力,电力
600300,维维股份,饮料
688047,龙芯中科,计算机硬件
603332,苏州龙杰,合成纤维及树脂
002866,传艺科技,电子元件
300613,富瀚微,半导体
603856,东宏股份,其他建材
000800,一汽解放,汽车
600285,羚锐制药,中药生产
600868,梅雁吉祥,电力
300767,震安科技,橡胶制品
301327,华宝新能,电子器件
001205,盛航股份,港口航运
601669,中国电建,基础建设
002078,太阳纸业,造纸印刷
603828,ST柯利达,装修装饰
603889,新澳股份,纺织
000019,深粮控股,贸易
603488,展鹏科技,输变电设备
600688,上海石化,石油天然气
002451,摩恩电气,输变电设备
000520,凤凰航运,港口航运
000401,冀东水泥,水泥
688105,诺唯赞,生物医药
605577,龙版传媒,平面媒体
600604,市北高新,房地产开发
603167,渤海轮渡,港口航运
002303,美盈森,造纸印刷
300497,富祥药业,化学制药
002629,仁智股份,石油天然气
300257,开山股份,通用设备
600113,浙江东日,商业物业经营
002724,海洋王,照明设备
600757,长江传媒,平面媒体
688249,晶合集成,半导体
301533,威马农机,专用设备
600199,金种子酒,饮料
300385,雪浪环境,专用设备
603177,德创环保,环保
600681,百川能源,燃气
002546,新联电子,输变电设备
603755,日辰股份,食品
603790,雅运股份,化学制品
000089,深圳机场,航空机场
603385,惠达卫浴,其他轻工
300122,智飞生物,生物医药
301173,毓恬冠佳,汽车
000633,合金投资,金属非金属新材料
300187,永清环保,环保
601398,工商银行,银行
688469,芯联集成-U,半导体
601288,农业银行,银行
600973,宝胜股份,输变电设备
600684,珠江股份,房地产服务
000995,皇台酒业,饮料
000692,惠天热电,电力
000501,武商集团,零售
832149,利尔达,电子元件
600581,八一钢铁,钢铁
000563,陕国投A,非银行金融
831689,克莱特,通用设备
688367,工大高科,铁路设备
300230,永利股份,化学制品
601007,金陵饭店,休闲服务
002440,闰土股份,化学制品
600790,轻纺城,商业物业经营
301218,华是科技,计算机软件
002551,尚荣医疗,医疗器械
002252,上海莱士,生物医药
300610,晨化股份,化学制品
600750,江中药业,中药生产
600928,西安银行,银行
002478,常宝股份,钢铁
300124,汇川技术,机器人
000716,黑芝麻,食品
688203,海正生材,合成纤维及树脂
600859,王府井,零售
301511,德福科技,电子设备制造
002667,威领股份,稀有金属
688377,迪威尔,专用设备
688573,信宇人,电子设备制造
600265,景谷林业,林业
300225,金力泰,化学制品
688102,斯瑞新材,基本金属
300669,沪宁股份,专用设备
600370,三房巷,化学原料
002060,广东建工,基础建设
601801,皖新传媒,平面媒体
300676,华大基因,生物医药
301305,朗坤环境,环保
688409,富创精密,通用设备
603633,徕木股份,汽车
600881,亚泰集团,建筑施工
000959,首钢股份,钢铁
002880,卫光生物,生物医药
300279,和晶科技,电子设备制造
603577,汇金通,输变电设备
603172,万丰股份,化学原料
000637,茂化实华,石油天然气
600366,宁波韵升,金属非金属新材料
300970,华绿生物,农业
838171,邦德股份,汽车
600938,中国海油,石油天然气
300835,龙磁科技,金属非金属新材料
603237,五芳斋,食品
601059,信达证券,非银行金融
300599,雄塑科技,其他建材
600819,耀皮玻璃,玻璃
688379,华光新材,金属制品
605287,德才股份,装修装饰
600064,南京高科,房地产开发
688296,和达科技,计算机软件
002041,登海种业,农业
002521,齐峰新材,造纸印刷
300241,瑞丰光电,光电子器件
688078,龙软科技,计算机软件
001208,华菱线缆,输变电设备
000859,国风新材,化学制品
600926,杭州银行,银行
603260,合盛硅业,金属非金属新材料
002125,湘潭电化,金属非金属新材料
000026,飞亚达,珠宝首饰
688289,圣湘生物,生物医药
600941,中国移动,通信运营
600968,海油发展,石油天然气
603395,红四方,化学制品
000818,航锦科技,化学原料
603396,金辰股份,电源设备
301538,骏鼎达,化学制品
600654,中安科,计算机软件
002614,奥佳华,小家电
603077,和邦生物,化学原料
600198,大唐电信,通信设备
688506,百利天恒-U,生物医药
688597,煜邦电力,通用设备
600919,江苏银行,银行
300263,隆华科技,环保
600722,金牛化工,化学原料
001215,千味央厨,食品
600080,金花股份,生物医药
603045,福达合金,金属非金属新材料
603858,步长制药,中药生产
688186,广大特材,钢铁
688070,纵横股份,航空航天装备
002928,华夏航空,航空机场
002903,宇环数控,通用设备
603738,泰晶科技,电子元件
600871,石化油服,石油天然气
002851,麦格米特,其他电气设备
300567,精测电子,通用设备
600106,重庆路桥,公路铁路
600354,敦煌种业,农业
001318,阳光乳业,食品
688081,兴图新科,通信设备
688055,龙腾光电,电子设备制造
601857,中国石油,石油天然气
688190,云路股份,金属非金属新材料
600874,创业环保,水务
300315,掌趣科技,互联网服务
600771,广誉远,中药生产
830832,齐鲁华信,化学原料
301469,恒达新材,造纸印刷
002734,利民股份,化肥农药
603113,金能科技,化学原料
603087,甘李药业,生物医药
600563,法拉电子,电子元件
001234,泰慕士,服装家纺
002488,金固股份,汽车
600273,嘉化能源,化学制品
600057,厦门象屿,物流
601236,红塔证券,非银行金融
600637,东方明珠,广播电视
600176,中国巨石,合成纤维及树脂
601808,中海油服,石油天然气
000686,东北证券,非银行金融
300958,建工修复,环保
300208,*ST中程,建筑施工
002997,瑞鹄模具,汽车
000908,*ST景峰,化学制药
603797,联泰环保,环保
601000,唐山港,港口航运
300237,美晨科技,汽车
300600,ST瑞科,船舶与海洋装备
301117,佳缘科技,计算机软件
601200,上海环境,环保
600501,航天晨光,通用设备
002523,天桥起重,通用设备
603182,嘉华股份,农业
600288,大恒科技,计算机软件
601921,浙版传媒,平面媒体
002385,大北农,畜牧业
002327,富安娜,服装家纺
603823,百合花,化学制品
300833,浩洋股份,照明设备
002948,青岛银行,银行
603855,华荣股份,专用设备
601318,中国平安,非银行金融
600649,城投控股,房地产开发
600375,*ST汉马,汽车
002269,美邦服饰,服装家纺
603879,ST永悦,合成纤维及树脂
000537,中绿电,电力
002449,国星光电,光电子器件
300221,银禧科技,化学制品
600864,哈投股份,非银行金融
002014,永新股份,造纸印刷
003029,吉大正元,计算机软件
301418,协昌科技,消费电子设备
688981,中芯国际,半导体
605368,蓝天燃气,燃气
300855,图南股份,金属非金属新材料
605011,杭州热电,电力
600905,三峡能源,电力
002459,晶澳科技,电源设备
000690,宝新能源,电力
688425,铁建重工,轨道交通设备
601098,中南传媒,平面媒体
688511,天微电子,电子设备制造
001317,三羊马,物流
300450,先导智能,通用设备
000998,隆平高科,农业
300606,金太阳,通用设备
000608,阳光股份,房地产开发
601939,建设银行,银行
300053,航宇微,卫星应用
000968,蓝焰控股,石油天然气
600982,宁波能源,电力
300059,东方财富,互联网金融
600075,新疆天业,化学原料
000987,越秀资本,非银行金融
688663,新风光,输变电设备
600866,星湖科技,农业
002400,省广集团,营销服务
002998,优彩资源,合成纤维及树脂
301332,德尔玛,小家电
300197,节能铁汉,环保
600262,北方股份,专用设备
605189,富春染织,纺织
300518,新迅达,计算机软件
002138,顺络电子,电子元件
605006,山东玻纤,合成纤维及树脂
603365,水星家纺,服装家纺
601311,骆驼股份,电源设备
600025,华能水电,电力
601006,大秦铁路,公路铁路
002344,海宁皮城,商业物业经营
603557,ST起步,服装家纺
600523,贵航股份,汽车
601068,中铝国际,建筑施工
002027,分众传媒,互联网服务
833266,生物谷,中药生产
000676,智度股份,营销服务
600149,廊坊发展,电力
301112,信邦智能,专用设备
600315,上海家化,化学制品
600726,华电能源,电力
600572,康恩贝,中药生产
002168,ST惠程,输变电设备
001336,楚环科技,专用设备
600117,西宁特钢,钢铁
002206,海 利 得,合成纤维及树脂
000966,长源电力,电力
002043,兔 宝 宝,其他建材
000893,亚钾国际,化肥农药
600906,财达证券,非银行金融
000709,河钢股份,钢铁
601162,天风证券,非银行金融
002088,鲁阳节能,耐火材料
000591,太阳能,电源设备
300280,紫天科技,营销服务
001231,农心科技,化肥农药
600533,栖霞建设,房地产开发
300587,天铁科技,化学制品
000526,学大教育,教育
300082,奥克股份,化学制品
002865,钧达股份,电源设备
002202,金风科技,电源设备
600778,友好集团,零售
600420,国药现代,化学制药
600004,白云机场,航空机场
002763,汇洁股份,服装家纺
000926,福星股份,房地产开发
688589,力合微,半导体
002314,南山控股,房地产开发
002056,横店东磁,电子器件
000058,深 赛 格,商业物业经营
688496,清越科技,电子器件
601868,中国能建,基础建设
603053,成都燃气,燃气
002946,新乳业,食品
300569,天能重工,电源设备
688210,统联精密,电子设备制造
000883,湖北能源,电力
688076,诺泰生物,生物医药
600935,华塑股份,化学制品
002678,珠江钢琴,文娱用品
000755,山西高速,公路铁路
002352,顺丰控股,物流
601368,绿城水务,水务
603729,龙韵股份,营销服务
603235,天新药业,食品
603833,欧派家居,家具
300103,达刚控股,专用设备
000059,华锦股份,石油天然气
002454,松芝股份,汽车
300595,欧普康视,医疗器械
603310,巍华新材,化学制品
301110,青木科技,互联网商务
600257,大湖股份,渔业
600993,马应龙,中药生产
600958,东方证券,非银行金融
601336,新华保险,非银行金融
601116,三江购物,零售
600166,福田汽车,汽车
601952,苏垦农发,农业
688063,派能科技,其他电气设备
300332,天壕能源,燃气
001330,博纳影业,影视动漫
603799,华友钴业,稀有金属
600633,浙数文化,互联网服务
600888,新疆众和,基本金属
600252,中恒集团,中药生产
300209,*ST有树,互联网商务
002554,惠博普,石油天然气
836892,广咨国际,专业服务
600768,宁波富邦,基本金属
688005,容百科技,电源设备
603180,金牌家居,家具
600159,大龙地产,房地产开发
002120,韵达股份,物流
000936,华西股份,合成纤维及树脂
603566,普莱柯,畜牧业
300844,山水比德,专业服务
600089,特变电工,输变电设备
832419,路斯股份,畜牧业
688619,罗普特,计算机软件
003016,欣贺股份,服装家纺
002263,大东南,化学制品
000782,恒申新材,合成纤维及树脂
837046,亿能电力,输变电设备
600989,宝丰能源,化学原料
600170,上海建工,建筑施工
688516,奥特维,专用设备
832000,安徽凤凰,汽车
301075,多瑞医药,化学制药
603356,华菱精工,通用设备
300939,秋田微,电子设备制造
002437,誉衡药业,化学制药
600925,苏能股份,煤炭
300405,科隆股份,化学制品
002293,罗莱生活,服装家纺
601009,南京银行,银行
002917,金奥博,化学制品
603733,仙鹤股份,造纸印刷
000767,晋控电力,电力
300172,中电环保,水务
300834,星辉环材,化学原料
000875,吉电股份,电力
833346,威贸电子,电子设备制造
603323,苏农银行,银行
601579,会稽山,饮料
002756,永兴材料,稀有金属
301233,盛帮股份,橡胶制品
300266,兴源环境,环保
002047,宝鹰股份,装修装饰
301577,美信科技,电子元件
300933,中辰股份,输变电设备
300217,东方电热,其他家电
000548,湖南投资,公路铁路
603719,良品铺子,食品
300664,鹏鹞环保,水务
601199,江南水务,水务
002360,同德化工,化学制品
002247,聚力文化,装修装饰
301024,霍普股份,专业服务
688779,五矿新能,金属非金属新材料
601928,凤凰传媒,平面媒体
000985,大庆华科,化学制品
002434,万里扬,汽车
300133,华策影视,影视动漫
000838,财信发展,房地产开发
000752,ST西发,饮料
301035,润丰股份,化肥农药
601555,东吴证券,非银行金融
002312,川发龙蟒,化学原料
000728,国元证券,非银行金融
002471,中超控股,输变电设备
002301,齐心集团,文娱用品
601860,紫金银行,银行
600188,兖矿能源,煤炭
601988,中国银行,银行
000031,大悦城,房地产开发
688148,芳源股份,金属非金属新材料
300791,仙乐健康,保健护理
000565,渝三峡A,化学制品
000997,新 大 陆,计算机硬件
002635,安洁科技,电子设备制造
603096,新经典,平面媒体
600962,国投中鲁,饮料
000999,华润三九,中药生产
601778,晶科科技,电源设备
300057,万顺新材,基本金属
603567,珍宝岛,中药生产
300062,中能电气,输变电设备
000650,仁和药业,中药生产
839729,永顺生物,畜牧业
600598,北大荒,农业
300232,洲明科技,光电子器件
605151,西上海,汽车
300294,博雅生物,生物医药
300653,正海生物,生物医药
600365,ST通葡,饮料
603208,江山欧派,家具
002064,华峰化学,合成纤维及树脂
603985,恒润股份,通用设备
600908,无锡银行,银行
000975,山金国际,贵金属
002333,罗普斯金,其他建材
601033,永兴股份,环保
601686,友发集团,钢铁
600167,联美控股,电力
300640,德艺文创,其他轻工
600109,国金证券,非银行金融
603848,好太太,家具
002809,红墙股份,化学制品
688517,金冠电气,输变电设备
601963,重庆银行,银行
300899,上海凯鑫,专用设备
301518,长华化学,化学原料
001266,宏英智能,通用设备
002085,万丰奥威,汽车
601390,中国中铁,基础建设
601065,江盐集团,化学原料
000791,甘肃能源,电力
301039,中集车辆,汽车
601788,光大证券,非银行金融
600621,华鑫股份,非银行金融
000937,冀中能源,煤炭
000631,顺发恒业,房地产开发
600850,电科数字,互联网服务
300711,广哈通信,通信设备
600031,三一重工,专用设备
000554,泰山石油,石油天然气
600561,江西长运,公路铁路
002958,青农商行,银行
300175,朗源股份,农业
600785,新华百货,零售
600475,华光环能,环保
300871,回盛生物,畜牧业
601377,兴业证券,非银行金融
688021,奥福环保,专用设备
002808,ST恒久,电子器件
002500,山西证券,非银行金融
603020,爱普股份,食品
000786,北新建材,其他建材
601333,广深铁路,公路铁路
601211,国泰君安,非银行金融
600665,天地源,房地产开发
600017,日照港,港口航运
600900,长江电力,电力
603518,锦泓集团,服装家纺
600293,三峡新材,玻璃
603661,恒林股份,家具
002129,TCL中环,电源设备
300962,中金辐照,专业服务
688513,苑东生物,化学制药
600008,首创环保,水务
600765,中航重机,通用设备
600236,桂冠电力,电力
603373,安邦护卫,专业服务
601618,中国中冶,建筑施工
002193,如意集团,纺织
001872,招商港口,港口航运
002054,德美化工,化学制品
001395,亚联机械,专用设备
600719,大连热电,电力
002225,濮耐股份,耐火材料
002999,天禾股份,化肥农药
601003,柳钢股份,钢铁
300708,聚灿光电,光电子器件
000722,湖南发展,电力
600575,淮河能源,物流
600487,亨通光电,通信设备
600339,中油工程,石油天然气
000969,安泰科技,金属非金属新材料
600513,联环药业,化学制药
002130,沃尔核材,电子器件
603318,水发燃气,燃气
002753,永东股份,化学制品
600903,贵州燃气,燃气
688230,芯导科技,半导体
601010,文峰股份,零售
600313,农发种业,农业
600127,金健米业,农业
300370,安控科技,输变电设备
301088,戎美股份,服装家纺
832110,雷特科技,电子设备制造
301043,绿岛风,其他电气设备
688459,哈铁科技,轨道交通设备
601619,嘉泽新能,电力
688189,南新制药,化学制药
600095,湘财股份,非银行金融
300948,冠中生态,环保
600116,三峡水利,电力
000630,铜陵有色,基本金属
600892,大晟文化,互联网服务
600479,千金药业,中药生产
002996,顺博合金,基本金属
300462,华铭智能,计算机硬件
002393,力生制药,化学制药
301057,汇隆新材,合成纤维及树脂
002116,中国海诚,基础建设
600308,华泰股份,造纸印刷
000983,山西焦煤,煤炭
836547,无锡晶海,化学制药
600987,航民股份,纺织
002658,雪迪龙,通用设备
688181,八亿时空,电子设备制造
300635,中达安,专业服务
603601,再升科技,合成纤维及树脂
603222,济民健康,化学制药
002038,双鹭药业,生物医药
301156,美农生物,畜牧业
605028,世茂能源,电力
603939,益丰药房,医药商业
300888,稳健医疗,医疗器械
300374,中铁装配,装修装饰
002973,侨银股份,环保
600794,保税科技,物流
301526,国际复材,玻璃
002167,东方锆业,稀有金属
001914,招商积余,房地产服务
600599,ST熊猫,化学制品
301338,凯格精机,专用设备
300712,永福股份,专业服务
688689,银河微电,半导体
002373,千方科技,计算机软件
688120,华海清科,电子设备制造
600189,泉阳泉,饮料
002035,华帝股份,小家电
688638,誉辰智能,专用设备
603829,洛凯股份,输变电设备
000719,中原传媒,平面媒体
601696,中银证券,非银行金融
002772,众兴菌业,农业
601117,中国化学,建筑施工
301115,建科股份,专业服务
688648,中邮科技,通用设备
300094,国联水产,渔业
605162,新中港,电力
603212,赛伍技术,化学制品
300287,飞利信,计算机软件
001337,四川黄金,贵金属
605050,福然德,物流
300224,正海磁材,金属非金属新材料
002596,海南瑞泽,其他建材
603163,圣晖集成,建筑施工
601818,光大银行,银行
002831,裕同科技,造纸印刷
301591,肯特股份,化学制品
002427,尤夫股份,合成纤维及树脂
002972,科安达,铁路设备
688025,杰普特,电子设备制造
600867,通化东宝,生物医药
000790,华神科技,中药生产
301077,星华新材,光电子器件
600123,兰花科创,煤炭
601878,浙商证券,非银行金融
002351,漫步者,消费电子设备
603429,集友股份,造纸印刷
000513,丽珠集团,化学制药
688285,高铁电气,基础建设
603285,键邦股份,化学新材料
300770,新媒股份,广播电视
300118,东方日升,电源设备
833230,欧康医药,生物医药
601001,晋控煤业,煤炭
300579,数字认证,计算机软件
600219,南山铝业,基本金属
871694,中裕科技,橡胶制品
600150,中国船舶,船舶与海洋装备
002959,小熊电器,小家电
002748,ST世龙,化学制品
601678,滨化股份,化学原料
603231,索宝蛋白,食品
001896,豫能控股,电力
688728,格科微,半导体
601022,宁波远洋,港口航运
600312,平高电气,输变电设备
688479,友车科技,计算机软件
301107,瑜欣电子,通用设备
001213,中铁特货,公路铁路
603183,建研院,建筑施工
600081,东风科技,汽车
600009,上海机场,航空机场
600020,中原高速,公路铁路
002673,西部证券,非银行金融
600547,山东黄金,贵金属
300158,振东制药,中药生产
600143,金发科技,化学新材料
600178,东安动力,汽车
603519,立霸股份,其他家电
601375,中原证券,非银行金融
601233,桐昆股份,合成纤维及树脂
600016,民生银行,银行
688132,邦彦技术,通信设备
002807,江阴银行,银行
301319,唯特偶,电子元件
688348,昱能科技,输变电设备
002835,同为股份,计算机硬件
002839,张家港行,银行
300921,南凌科技,通信运营
301178,天亿马,计算机软件
000039,中集集团,金属制品
300747,锐科激光,电子设备制造
301195,北路智控,计算机软件
600248,陕建股份,建筑施工
002401,中远海科,计算机软件
601096,宏盛华源,输变电设备
600791,京能置业,房地产开发
600971,恒源煤电,煤炭
000651,格力电器,白色家电
688519,南亚新材,电子设备制造
300889,爱克股份,光电子器件
603301,振德医疗,医疗器械
601989,中国重工,船舶与海洋装备
301293,三博脑科,医疗服务
002681,奋达科技,消费电子设备
300194,福安药业,化学制药
300756,金马游乐,专用设备
688726,拉普拉斯,光电子器件
002648,卫星化学,化学原料
002803,吉宏股份,互联网服务
301203,国泰环保,环保
603017,中衡设计,建筑施工
001286,陕西能源,电力
002882,金龙羽,输变电设备
300755,华致酒行,零售
600287,ST舜天,贸易
000878,云南铜业,基本金属
603696,安记食品,食品
605009,豪悦护理,其他轻工
301589,诺瓦星云,计算机硬件
002641,公元股份,其他建材
301239,普瑞眼科,医疗服务
301446,福事特,通用设备
600985,淮北矿业,煤炭
600030,中信证券,非银行金融
300854,中兰环保,环保
301048,金鹰重工,铁路设备
002243,力合科创,造纸印刷
603021,山东华鹏,玻璃
002074,国轩高科,电源设备
603213,镇洋发展,化学原料
002910,庄园牧场,食品
002121,科陆电子,输变电设备
000812,陕西金叶,造纸印刷
300555,ST路通,通信设备
603580,艾艾精工,化学制品
688153,唯捷创芯,电子设备制造
600822,上海物贸,汽车
688259,创耀科技,半导体
603798,康普顿,石油天然气
600643,爱建集团,非银行金融
000862,银星能源,电力
002694,顾地科技,其他建材
000931,中 关 村,生物医药
002479,富春环保,环保
688528,秦川物联,通用设备
000507,珠海港,港口航运
000012,南  玻A,玻璃
300464,星徽股份,互联网商务
688233,神工股份,半导体
002863,今飞凯达,汽车
002990,盛视科技,互联网服务
002547,春兴精工,电子设备制造
688298,东方生物,生物医药
600734,实达集团,消费电子设备
300298,三诺生物,医疗器械
603176,汇通集团,建筑施工
300155,安居宝,电子设备制造
600638,新黄浦,房地产开发
603090,宏盛股份,通用设备
601598,中国外运,物流
002871,伟隆股份,通用设备
000802,北京文化,影视动漫
000166,申万宏源,非银行金融
600000,浦发银行,银行
002413,雷科防务,航空航天装备
002391,长青股份,化肥农药
600530,交大昂立,保健护理
603331,百达精工,通用设备
603001,奥康国际,服装家纺
600279,重庆港,港口航运
600979,广安爱众,电力
301559,中集环科,金属制品
600156,华升股份,纺织
002571,德力股份,其他轻工
002336,*ST人乐,零售
600505,西昌电力,电力
003011,海象新材,家具
301175,中科环保,环保
601658,邮储银行,银行
000803,山高环能,环保
600510,黑牡丹,房地产开发
301103,何氏眼科,医疗服务
603010,万盛股份,化学制品
002878,元隆雅图,营销服务
002890,弘宇股份,专用设备
688216,气派科技,半导体
002559,亚威股份,通用设备
301270,汉仪股份,计算机软件
000887,中鼎股份,汽车
002870,香山股份,汽车
002237,恒邦股份,贵金属
603701,德宏股份,汽车
000538,云南白药,中药生产
301059,金三江,化学制药
601956,东贝集团,通用设备
002144,宏达高科,纺织
000525,ST红太阳,化肥农药
600185,格力地产,房地产开发
002883,中设股份,专业服务
600909,华安证券,非银行金融
600060,海信视像,视听器材
002791,坚朗五金,其他建材
600028,中国石化,石油天然气
600380,健康元,化学制药
688057,金达莱,专用设备
601997,贵阳银行,银行
002207,准油股份,石油天然气
000001,平安银行,银行
601169,北京银行,银行
300883,龙利得,造纸印刷
300692,中环环保,水务
300050,世纪鼎利,通信设备
603976,正川股份,医疗器械
688049,炬芯科技,半导体
002820,桂发祥,食品
603307,扬州金泉,纺织
000595,宝塔实业,通用设备
600787,中储股份,物流
000958,电投产融,电力
600585,海螺水泥,水泥
300393,中来股份,电源设备
301550,斯菱股份,汽车
300575,中旗股份,化肥农药
002858,力盛体育,体育
301113,雅艺科技,家具
002264,新 华 都,互联网服务
301348,蓝箭电子,半导体
002404,嘉欣丝绸,纺织
603273,天元智能,专用设备
600613,神奇制药,中药生产
000020,深华发A,电子设备制造
300906,日月明,铁路设备
002971,和远气体,化学制品
301522,上大股份,金属制品
300071,福石控股,营销服务
002199,东晶电子,电子元件
600969,郴电国际,电力
002967,广电计量,专业服务
601179,中国西电,输变电设备
603578,三星新材,白色家电
002560,通达股份,输变电设备
301596,瑞迪智驱,通用设备
600721,百花医药,医疗服务
002855,捷荣技术,电子元件
300787,海能实业,电子设备制造
688192,迪哲医药-U,生物医药
688588,凌志软件,计算机软件
600233,圆通速递,物流
601919,中远海控,港口航运
002416,爱施德,消费电子设备
603168,莎普爱思,化学制药
301071,力量钻石,金属非金属新材料
300129,泰胜风能,电源设备
603630,拉芳家化,化学制品
300845,捷安高科,计算机软件
605499,东鹏饮料,饮料
002198,嘉应制药,中药生产
600268,国电南自,输变电设备
002715,登云股份,汽车
300169,天晟新材,化学制品
301055,张小泉,金属制品
601101,昊华能源,煤炭
688046,药康生物,生物医药
832662,方盛股份,通用设备
002531,天顺风能,电源设备
002187,广百股份,零售
600584,长电科技,半导体
001378,德冠新材,化学制品
603586,金麒麟,汽车
000605,渤海股份,水务
002842,翔鹭钨业,稀有金属
002799,环球印务,造纸印刷
002769,普路通,物流
688110,东芯股份,半导体
300706,阿石创,半导体
002455,百川股份,化学制品
002615,哈尔斯,其他轻工
600499,科达制造,专用设备
600733,北汽蓝谷,汽车
605365,立达信,照明设备
834765,美之高,家具
600826,兰生股份,专业服务
002274,华昌化工,化肥农药
600976,健民集团,中药生产
601066,中信建投,非银行金融
600834,申通地铁,公路铁路
002812,恩捷股份,金属非金属新材料
300534,陇神戎发,中药生产
000623,吉林敖东,中药生产
600814,杭州解百,零售
300483,首华燃气,石油天然气
002331,皖通科技,计算机软件
603013,亚普股份,汽车
605358,立昂微,半导体
300369,绿盟科技,计算机软件
605066,天正电气,其他电气设备
000989,ST九芝,中药生产
300820,英杰电气,其他电气设备
002395,双象股份,化学制品
603229,奥翔药业,化学制药
835174,五新隧装,专用设备
301383,天键股份,消费电子设备
601519,大智慧,互联网金融
301516,中远通,电源设备
603106,恒银科技,计算机硬件
002737,葵花药业,中药生产
600865,百大集团,零售
300655,晶瑞电材,化学原料
300572,安车检测,通用设备
002357,富临运业,公路铁路
600085,同仁堂,中药生产
603937,丽岛新材,基本金属
600876,凯盛新能,玻璃
002033,丽江股份,休闲服务
831445,龙竹科技,家具
002334,英威腾,其他电气设备
605167,利柏特,建筑施工
600827,百联股份,零售
603598,引力传媒,营销服务
301025,读客文化,平面媒体
601985,中国核电,电力
002636,金安国纪,电子元件
688085,三友医疗,医疗器械
002873,新天药业,中药生产
688305,科德数控,通用设备
603713,密尔克卫,物流
002090,金智科技,输变电设备
300426,唐德影视,影视动漫
603860,中公高科,专业服务
600769,祥龙电业,水务
300793,佳禾智能,电子设备制造
300428,立中集团,汽车
603328,依顿电子,电子元件
300886,华业香料,化学制品
600739,辽宁成大,生物医药
603928,兴业股份,化学原料
600230,沧州大化,化学原料
601698,中国卫通,通信运营
002126,银轮股份,汽车
605099,共创草坪,其他轻工
300788,中信出版,平面媒体
301329,信音电子,电子器件
300474,景嘉微,电子设备制造
300551,古鳌科技,计算机硬件
301468,博盈特焊,专用设备
300818,耐普矿机,专用设备
002111,威海广泰,专用设备
688276,百克生物,生物医药
688092,爱科科技,专用设备
300690,双一科技,电源设备
300065,海兰信,船舶与海洋装备
301508,中机认检,专业服务
688707,振华新材,金属非金属新材料
600211,西藏药业,化学制药
002026,山东威达,通用设备
301395,仁信新材,化学原料
600508,上海能源,煤炭
601699,潞安环能,煤炭
002407,多氟多,化学原料
600703,三安光电,光电子器件
301125,腾亚精工,通用设备
300961,深水海纳,环保
603408,建霖家居,化学制品
603707,健友股份,化学制药
002497,雅化集团,稀有金属
603739,蔚蓝生物,畜牧业
603768,常青股份,汽车
605196,华通线缆,输变电设备
688306,均普智能,汽车
002802,洪汇新材,合成纤维及树脂
601811,新华文轩,教育
001387,雪祺电气,其他电气设备
872808,曙光数创,通用设备
002271,东方雨虹,其他建材
300851,交大思诺,计算机软件
600377,宁沪高速,公路铁路
002080,中材科技,合成纤维及树脂
601163,三角轮胎,橡胶制品
605077,华康股份,食品
002792,通宇通讯,通信设备
001289,龙源电力,电力
000066,中国长城,计算机硬件
002007,华兰生物,生物医药
001373,翔腾新材,电子器件
688396,华润微,半导体
000792,盐湖股份,化肥农药
301100,风光股份,化学制品
600088,中视传媒,影视动漫
300139,晓程科技,贵金属
688334,西高院,专业服务
300594,朗进科技,铁路设备
688020,方邦股份,电子元件
300710,万隆光电,通信设备
688530,欧莱新材,半导体
688193,仁度生物,生物医药
603988,中电电机,电机
301276,嘉曼服饰,纺织
300720,海川智能,通用设备
002487,大金重工,金属制品
301565,中仑新材,化学制品
603097,江苏华辰,输变电设备
301598,博科测试,汽车
600694,大商股份,零售
688237,超卓航科,航空航天装备
605289,罗曼股份,建筑施工
600566,济川药业,化学制药
301234,五洲医疗,医疗器械
605369,拱东医疗,医疗器械
301363,美好医疗,医疗器械
688087,英科再生,化学制品
688399,硕世生物,生物医药
688368,晶丰明源,电源设备
839946,华阳变速,汽车
836675,秉扬科技,金属非金属新材料
836260,中寰股份,通用设备
831370,新安洁,环保
688722,同益中,合成纤维及树脂
688681,科汇股份,其他电气设备
688653,康希通信,半导体
688551,科威尔,电源设备
688538,和辉光电-U,电子器件
688455,科捷智能,通用设备
688370,丛麟科技,环保
688310,迈得医疗,医疗器械
688308,欧科亿,金属制品
688175,高凌信息,通信设备
605005,合兴股份,汽车
603998,方盛制药,中药生产
603980,吉华集团,化学制品
603869,ST智知,计算机软件
603861,白云电器,输变电设备
603811,诚意药业,化学制药
603718,海利生物,畜牧业
603685,晨丰科技,照明设备
603676,卫信康,化学制药
603458,勘设股份,专业服务
603381,永臻股份,其他电气设备
603269,海鸥股份,通用设备
603217,元利科技,化学制品
603209,兴通股份,港口航运
603169,兰石重装,专用设备
603162,海通发展,港口航运
603159,上海亚虹,化学制品
603130,云中马,纺织
603116,红蜻蜓,服装家纺
603105,芯能科技,电源设备
603041,美思德,化学原料
603028,赛福天,电源设备
603025,大豪科技,电子设备制造
601991,大唐发电,电力
601975,招商南油,港口航运
601880,辽港股份,港口航运
601872,招商轮船,港口航运
601866,中远海发,港口航运
601827,三峰环境,环保
601800,中国交建,基础建设
601666,平煤股份,煤炭
601611,中国核建,建筑施工
601588,北辰实业,房地产开发
601518,吉林高速,公路铁路
601330,绿色动力,环保
601326,秦港股份,港口航运
601198,东兴证券,非银行金融
601107,四川成渝,公路铁路
601099,太平洋,非银行金融
601018,宁波港,港口航运
601015,陕西黑猫,煤炭
601005,重庆钢铁,钢铁
600966,博汇纸业,造纸印刷
600939,重庆建工,建筑施工
600808,马钢股份,钢铁
600716,凤凰股份,房地产开发
600689,上海三毛,贸易
600676,交运股份,物流
600661,昂立教育,教育
600653,申华控股,汽车
600626,申达股份,汽车
600617,国新能源,燃气
600611,大众交通,汽车
600606,绿地控股,房地产开发
600567,山鹰国际,造纸印刷
600526,菲达环保,专用设备
600518,康美药业,中药生产
600516,方大炭素,金属非金属新材料
600507,方大特钢,钢铁
600483,福能股份,电力
600477,杭萧钢构,钢结构
600467,好当家,渔业
600455,博通股份,计算机软件
600395,盘江股份,煤炭
600381,ST春天,中药生产
600368,五洲交通,公路铁路
600351,亚宝药业,中药生产
600348,华阳股份,煤炭
600340,华夏幸福,房地产开发
600323,瀚蓝环境,环保
600307,酒钢宏兴,钢铁
600283,钱江水利,水务
600266,城建发展,房地产开发
600261,阳光照明,照明设备
600249,两面针,化学制品
600239,云南城投,房地产开发
600231,凌钢股份,钢铁
600192,长城电工,输变电设备
600179,安通控股,物流
600121,郑州煤电,煤炭
600110,诺德股份,输变电设备
600103,青山纸业,造纸印刷
600101,明星电力,电力
600053,九鼎投资,非银行金融
600022,山东钢铁,钢铁
301372,科净源,环保
301359,东南电子,其他电气设备
301355,南王科技,造纸印刷
301260,格力博,专用设备
301238,瑞泰新材,金属非金属新材料
301215,中汽股份,汽车
301167,建研设计,专业服务
301150,中一科技,电子元件
301111,粤万年青,中药生产
301037,保立佳,化学制品
300983,尤安设计,专业服务
300931,通用电梯,专用设备
300592,华凯易佰,互联网商务
300586,美联新材,化学原料
300583,赛托生物,化学制药
300480,光力科技,专用设备
300452,山河药辅,化学制药
300434,金石亚药,生物医药
300417,南华仪器,通用设备
300398,飞凯材料,光电子器件
300388,节能国祯,水务
300338,*ST开元,教育
300335,迪森股份,环保
300329,海伦钢琴,文娱用品
300301,*ST长方,光电子器件
300240,飞力达,物流
300234,开尔新材,金属非金属新材料
300174,元力股份,化学制品
300171,东富龙,医疗器械
300166,东方国信,计算机软件
300142,沃森生物,生物医药
300110,华仁药业,化学制药
300086,康芝药业,化学制药
300070,碧水源,环保
300063,天龙集团,营销服务
300048,合康新能,输变电设备
300027,华谊兄弟,影视动漫
003816,中国广核,电力
002983,芯瑞达,光电子器件
002968,新大正,房地产服务
002936,郑州银行,银行
002701,奥瑞金,造纸印刷
002692,远程股份,输变电设备
002676,顺威股份,化学制品
002644,佛慈制药,中药生产
002606,大连电瓷,输变电设备
002573,清新环境,环保
002556,辉隆股份,贸易
002537,海联金汇,汽车
002526,山东矿机,专用设备
002496,辉丰股份,化肥农药
002491,通鼎互联,通信设备
002489,浙江永强,家具
002482,广田集团,装修装饰
002445,中南文化,金属制品
002443,金洲管道,钢铁
002424,ST百灵,中药生产
002412,汉森制药,中药生产
002381,双箭股份,橡胶制品
002366,融发核电,专用设备
002342,巨力索具,金属制品
002337,赛象科技,专用设备
002328,新朋股份,汽车
002321,华英农业,畜牧业
002319,乐通股份,化学制品
002310,*ST东园,环保
002285,世联行,房地产服务
002259,ST升达,燃气
002255,海陆重工,电源设备
002251,ST步步高,零售
002219,新里程,医疗服务
002218,拓日新能,电源设备
002204,大连重工,专用设备
002185,华天科技,半导体
002166,莱茵生物,生物医药
002146,荣盛发展,房地产开发
002124,ST天邦,畜牧业
002083,孚日股份,纺织
002082,万邦德,医疗器械
002077,大港股份,半导体
002061,浙江交科,基础建设
002024,ST易购,零售
002016,世荣兆业,房地产开发
001299,美能能源,燃气
001228,永泰运,物流
001227,兰州银行,银行
001222,源飞宠物,文娱用品
001207,联科科技,化学原料
000981,山子高科,汽车
000965,天保基建,房地产开发
000952,广济药业,化学制药
000906,浙商中拓,物流
000900,现代投资,公路铁路
000890,法尔胜,金属制品
000839,中信国安,通信设备
000826,启迪环境,环保
000819,岳阳兴长,石油天然气
000797,中国武夷,房地产开发
000789,万年青,水泥
000776,广发证券,非银行金融
000761,本钢板材,钢铁
000735,罗 牛 山,畜牧业
000725,京东方A,电子器件
000718,苏宁环球,房地产开发
000705,浙江震元,医药商业
000685,中山公用,水务
000677,恒天海龙,合成纤维及树脂
000652,泰达股份,综合
000620,新华联,房地产开发
000617,中油资本,非银行金融
000597,东北制药,化学制药
000564,供销大集,零售
000552,甘肃能化,煤炭
000517,荣安地产,房地产开发
000514,渝 开 发,房地产开发
000425,徐工机械,专用设备
000421,南京公用,燃气
000400,许继电气,输变电设备
000100,TCL科技,电子元件
000048,京基智农,畜牧业
000035,中国天楹,环保
000016,深康佳A,消费电子设备
300661,圣邦股份,半导体
688167,炬光科技,半导体
688084,晶品特装,机器人
688235,百济神州-U,生物医药
300763,锦浪科技,输变电设备
300693,盛弘股份,电源设备
603358,华达科技,汽车
600309,万华化学,化学原料
603556,海兴电力,通用设备
603324,盛剑科技,专用设备
603888,新华网,互联网服务
002428,云南锗业,稀有金属
688426,康为世纪,生物医药
688566,吉贝尔,生物医药
600406,国电南瑞,输变电设备
301073,君亭酒店,休闲服务
603109,神驰机电,通用设备
603100,川仪股份,通用设备
301489,思泉新材,电子器件
300578,会畅通讯,通信运营
603268,松发股份,陶瓷
832802,保丽洁,专用设备
605177,东亚药业,化学制药
002095,生 意 宝,互联网商务
603948,建业股份,化学原料
301137,哈焊华通,金属制品
688163,赛伦生物,生物医药
000096,广聚能源,石油天然气
832089,禾昌聚合,化学制品
600999,招商证券,非银行金融
688328,深科达,专用设备
300998,宁波方正,汽车
301223,中荣股份,造纸印刷
301068,大地海洋,环保
300826,测绘股份,专业服务
603080,新疆火炬,燃气
003026,中晶科技,半导体
301083,百胜智能,专用设备
300703,创源股份,文娱用品
301528,多浦乐,通用设备
603711,香飘飘,饮料
603091,众鑫股份,造纸印刷
603867,新化股份,化学制品
002117,东港股份,造纸印刷
002275,桂林三金,中药生产
301551,无线传媒,广播电视
300680,隆盛科技,汽车
603367,辰欣药业,化学制药
000712,锦龙股份,非银行金融
301309,万得凯,通用设备
002595,豪迈科技,通用设备
301314,科瑞思,电子器件
601677,明泰铝业,基本金属
300992,泰福泵业,专用设备
688484,南芯科技,半导体
603836,海程邦达,物流
300564,筑博设计,专业服务
000922,佳电股份,电机
300880,迦南智能,通用设备
300784,利安科技,化学制品
301045,天禄科技,电子器件
300771,智莱科技,电子设备制造
001366,播恩集团,畜牧业
301295,美硕科技,输变电设备
300049,福瑞股份,医疗器械
601456,国联民生,非银行金融
300881,盛德鑫泰,钢铁
301102,兆讯传媒,互联网服务
000045,深纺织A,电子器件
300800,力合科技,专用设备
600546,山煤国际,煤炭
603379,三美股份,化学原料
603896,寿仙谷,中药生产
002709,天赐材料,金属非金属新材料
002669,康达新材,化学制品
605116,奥锐特,化学制药
000828,东莞控股,公路铁路
603693,江苏新能,电力
300120,经纬辉开,电子器件
002900,哈三联,化学制药
301155,海力风电,其他电气设备
605033,美邦股份,化肥农药
603289,泰瑞机器,专用设备
002785,万里石,建筑施工
300963,中洲特材,金属制品
002833,弘亚数控,专用设备
301152,天力锂能,金属非金属新材料
300502,新易盛,通信设备
300107,建新股份,化学制品
603357,设计总院,专业服务
300702,天宇股份,化学制药
600830,香溢融通,非银行金融
870866,绿亨科技,化肥农药
300686,智动力,电子设备制造
002761,浙江建投,建筑施工
300387,富邦科技,化肥农药
688151,华强科技,医疗器械
002888,惠威科技,消费电子设备
600461,洪城环境,水务
688029,南微医学,医疗器械
600460,士兰微,半导体
603690,至纯科技,专用设备
600480,凌云股份,汽车
688198,佰仁医疗,医疗器械
830964,润农节水,建筑施工
300131,英唐智控,电子元件
603722,阿科力,化学制品
603192,汇得科技,化学原料
301162,国能日新,计算机软件
002939,长城证券,非银行金融
688248,南网科技,电力
002365,永安药业,化学制药
000899,赣能股份,电力
601186,中国铁建,基础建设
300803,指南针,互联网金融
002142,宁波银行,银行
300628,亿联网络,通信设备
603065,宿迁联盛,化学原料
601108,财通证券,非银行金融
300358,楚天科技,医疗器械
300687,赛意信息,计算机软件
002797,第一创业,非银行金融
002394,联发股份,纺织
600356,恒丰纸业,造纸印刷
002945,华林证券,非银行金融
002339,积成电子,输变电设备
300601,康泰生物,生物医药
002267,陕天然气,燃气
301158,德石股份,专用设备
002789,建艺集团,装修装饰
000603,盛达资源,基本金属
835857,百甲科技,钢结构
833580,科创新材,耐火材料
301278,快可电子,电源设备
838971,天马新材,金属非金属新材料
600061,国投资本,非银行金融
301066,万事利,纺织
002603,以岭药业,中药生产
300349,金卡智能,通用设备
688623,双元科技,专用设备
300105,龙源技术,通用设备
603530,神马电力,输变电设备
600336,澳柯玛,白色家电
002566,益盛药业,中药生产
600843,上工申贝,专用设备
000928,中钢国际,建筑施工
688101,三达膜,环保
300609,汇纳科技,计算机软件
000919,金陵药业,化学制药
300494,盛天网络,互联网服务
600997,开滦股份,煤炭
300897,山科智能,通用设备
600552,凯盛科技,电子器件
300261,雅本化学,化肥农药
300670,大烨智能,输变电设备
000625,长安汽车,汽车
603125,常青科技,化学制品
688060,云涌科技,互联网服务
002423,中粮资本,非银行金融
600927,永安期货,非银行金融
301148,嘉戎技术,环保
601798,蓝科高新,专用设备
300647,超频三,电子设备制造
603499,翔港科技,造纸印刷
300806,斯迪克,化学新材料
002766,索菱股份,计算机软件
002540,亚太科技,金属非金属新材料
688699,明微电子,半导体
600050,中国联通,通信运营
002442,龙星科技,化学制品
000829,天音控股,零售
688033,天宜上佳,铁路设备
300281,金明精机,专用设备
002743,富煌钢构,钢结构
688584,上海合晶,半导体
605168,三人行,营销服务
605138,盛泰集团,服装家纺
600469,风神股份,橡胶制品
301633,港迪技术,专用设备
300177,中海达,计算机硬件
300705,九典制药,化学制药
000498,山东路桥,基础建设
688009,中国通号,轨道交通设备
603062,麦加芯彩,化学制品
002953,日丰股份,输变电设备
301212,联盛化学,化学制品
002594,比亚迪,汽车
002235,安妮股份,造纸印刷
603008,喜临门,家具
000550,江铃汽车,汽车
300612,宣亚国际,营销服务
300766,每日互动,互联网服务
688238,和元生物,生物医药
300812,易天股份,电子设备制造
300407,凯发电气,输变电设备
688512,慧智微-U,半导体
002017,东信和平,通信设备
300160,秀强股份,玻璃
000159,国际实业,石油天然气
601628,中国人寿,非银行金融
301365,矩阵股份,装修装饰
601668,中国建筑,建筑施工
002942,新农股份,化肥农药
688179,阿拉丁,化学制药
300993,玉马科技,合成纤维及树脂
000600,建投能源,电力
300150,世纪瑞尔,计算机软件
300538,同益股份,贸易
002898,赛隆药业,化学制药
300627,华测导航,卫星应用
600738,丽尚国潮,商业物业经营
601118,海南橡胶,农业
002140,东华科技,建筑施工
300375,鹏翎股份,汽车
601089,福元医药,化学制药
000333,美的集团,白色家电
600998,九州通,医药商业
688026,洁特生物,化学制品
600517,国网英大,输变电设备
300289,利德曼,生物医药
600269,赣粤高速,公路铁路
300804,广康生化,化肥农药
603859,能科科技,计算机软件
000546,金圆股份,环保
001225,和泰机电,通用设备
600418,江淮汽车,汽车
002869,金溢科技,电子设备制造
600713,南京医药,医药商业
600970,中材国际,建筑施工
002813,路畅科技,汽车
300960,通业科技,其他交运设备
000951,中国重汽,汽车
300467,迅游科技,计算机软件
002741,光华科技,化学制品
301499,维科精密,汽车
600805,悦达投资,综合
001356,富岭股份,化学制品
001236,弘业期货,非银行金融
002006,精工科技,专用设备
000810,创维数字,通信设备
600717,天津港,港口航运
002976,瑞玛精密,金属制品
002735,王子新材,造纸印刷
002224,三 力 士,橡胶制品
300036,超图软件,计算机软件
600980,北矿科技,专用设备
002758,浙农股份,农业
300491,通合科技,电源设备
000688,国城矿业,基本金属
603936,博敏电子,电子元件
603335,迪生力,汽车
600657,信达地产,房地产开发
603327,福蓉科技,消费电子设备
600502,安徽建工,建筑施工
002749,国光股份,化肥农药
002150,通润装备,金属制品
300942,易瑞生物,化学制药
002810,山东赫达,化学制品
002003,伟星股份,服装家纺
300200,高盟新材,化学原料
688599,天合光能,其他电气设备
002613,北玻股份,玻璃
603348,文灿股份,汽车
002642,荣联科技,计算机软件
600468,百利电气,输变电设备
300864,南大环境,环保
688549,中巨芯-U,化学制品
600720,中交设计,建筑施工
000601,韶能股份,电力
002805,丰元股份,化学制品
601113,华鼎股份,合成纤维及树脂
300923,研奥股份,轨道交通设备
300422,博世科,环保
001301,尚太科技,金属非金属新材料
600489,中金黄金,贵金属
600035,楚天高速,公路铁路
300316,晶盛机电,电源设备
301587,中瑞股份,金属制品
600063,皖维高新,合成纤维及树脂
301013,利和兴,专用设备
301070,开勒股份,通用设备
003002,壶化股份,化学制品
603185,弘元绿能,电源设备
301500,飞南资源,环保
000750,国海证券,非银行金融
301220,亚香股份,化学制品
603225,新凤鸣,合成纤维及树脂
300164,通源石油,石油天然气
870656,海昇药业,化学制药
002806,华锋股份,汽车
601881,中国银河,非银行金融
301058,中粮科工,专业服务
688133,泰坦科技,专业服务
300514,友讯达,输变电设备
688420,美腾科技,专用设备
600776,东方通信,通信设备
600137,浪莎股份,服装家纺
603916,苏博特,化学制品
603309,维力医疗,医疗器械
002891,中宠股份,食品
600635,大众公用,燃气
601995,中金公司,非银行金融
603070,万控智造,其他电气设备
301200,大族数控,专用设备
002564,*ST天沃,建筑施工
300472,新元科技,专用设备
002452,长高电新,输变电设备
603803,瑞斯康达,通信设备
600491,龙元建设,基础建设
000672,上峰水泥,水泥
002468,申通快递,物流
688376,美埃科技,专用设备
300947,德必集团,专业服务
000420,吉林化纤,合成纤维及树脂
000090,天健集团,建筑施工
600884,杉杉股份,光电子器件
002941,新疆交建,基础建设
002643,万润股份,化学制品
603232,格尔软件,计算机软件
002623,亚玛顿,电源设备
600373,中文传媒,平面媒体
000816,智慧农业,通用设备
688778,厦钨新能,金属非金属新材料
000028,国药一致,医药商业
002134,天津普林,电子元件
002911,佛燃能源,燃气
688605,先锋精科,电子元件
300347,泰格医药,医疗服务
300456,赛微电子,半导体
301199,迈赫股份,专用设备
300018,中元股份,输变电设备
002793,罗欣药业,化学制药
002317,众生药业,中药生产
000155,川能动力,电力
300701,森霸传感,光电子器件
600155,华创云信,非银行金融
300566,激智科技,光电子器件
603687,大胜达,造纸印刷
300022,吉峰科技,专用设备
002349,精华制药,中药生产
300366,创意信息,计算机软件
000411,英特集团,医药商业
002608,江苏国信,电力
300485,赛升药业,化学制药
301211,亨迪药业,化学制药
000504,南华生物,生物医药
600071,凤凰光学,光电子器件
300214,日科化学,化学制品
600608,ST沪科,贸易
002406,远东传动,汽车
600120,浙江东方,非银行金融
688569,铁科轨道,铁路设备
002164,宁波东力,专用设备
300760,迈瑞医疗,医疗器械
001209,洪兴股份,服装家纺
603507,振江股份,专用设备
605305,中际联合,通用设备
835305,云创数据,互联网技术
300861,美畅股份,专用设备
688215,瑞晟智能,计算机软件
002102,能特科技,贸易
301333,诺思格,医疗服务
300137,ST先河,通用设备
301519,舜禹股份,水务
600186,莲花控股,食品
002819,东方中科,电子设备制造
300966,共同药业,化学制药
002864,盘龙药业,中药生产
300615,欣天科技,通信设备
000586,汇源通信,通信设备
002350,北京科锐,输变电设备
603590,康辰药业,生物医药
300459,汤姆猫,互联网服务
300072,海新能科,化学制品
300857,协创数据,消费电子设备
603725,天安新材,化学制品
002940,昂利康,化学制药
300277,海联讯,计算机软件
601139,深圳燃气,燃气
603112,华翔股份,金属制品
300867,圣元环保,环保
688701,卓锦股份,专用设备
300928,华安鑫创,汽车
603890,春秋电子,电子设备制造
300112,万讯自控,通用设备
301390,经纬股份,专业服务
300736,百邦科技,通信设备
000070,ST特信,通信设备
300949,奥雅股份,专业服务
001255,博菲电气,化学原料
300597,吉大通信,通信设备
002029,七 匹 狼,服装家纺
002632,道明光学,化学制品
603138,海量数据,计算机软件
002270,华明装备,输变电设备
600682,南京新百,保健护理
300396,迪瑞医疗,医疗器械
601607,上海医药,医药商业
603777,来伊份,食品
688347,华虹公司,半导体
002302,西部建设,水泥
600995,南网储能,电力
688690,纳微科技,化学原料
002239,奥特佳,汽车
600536,中国软件,计算机软件
688211,中科微至,通用设备
000703,恒逸石化,合成纤维及树脂
600215,派斯林,机器人
300092,科新机电,通用设备
001268,联合精密,通用设备
603110,东方材料,化学制品
002230,科大讯飞,计算机软件
600807,济高发展,医疗器械
300111,向日葵,生物医药
002460,赣锋锂业,稀有金属
603969,银龙股份,金属制品
601828,美凯龙,商业物业经营
600082,海泰发展,房地产开发
001212,中旗新材,其他建材
300352,北信源,计算机软件
600276,恒瑞医药,化学制药
603207,小方制药,化学制药
002605,姚记科技,互联网服务
002022,科华生物,生物医药
000153,丰原药业,化学制药
688027,国盾量子,通信设备
300438,鹏辉能源,电源设备
688207,格灵深瞳,电子设备制造
002828,贝肯能源,石油天然气
301370,国科恒泰,医疗器械
000788,北大医药,化学制药
605128,上海沿浦,汽车
002963,豪尔赛,装修装饰
603638,艾迪精密,专用设备
600650,锦江在线,公路铁路
601858,中国科传,平面媒体
002438,江苏神通,通用设备
603086,先达股份,化肥农药
300415,伊之密,专用设备
002649,博彦科技,计算机软件
002759,天际股份,化学制品
300390,天华新能,金属非金属新材料
300443,金雷股份,电源设备
603533,掌阅科技,互联网服务
002843,泰嘉股份,通用设备
301558,三态股份,互联网商务
001278,一彬科技,汽车
002039,黔源电力,电力
301033,迈普医学,医疗器械
688307,中润光学,光电子器件
300009,安科生物,生物医药
601216,君正集团,化学原料
300084,海默科技,专用设备
300836,佰奥智能,通用设备
300560,中富通,通信设备
300689,澄天伟业,通信设备
000030,富奥股份,汽车
688350,富淼科技,化学制品
301180,万祥科技,电子元件
301555,惠柏新材,合成纤维及树脂
600267,海正药业,化学制药
300002,神州泰岳,互联网服务
002915,中欣氟材,化学原料
603011,合锻智能,通用设备
600751,海航科技,港口航运
688277,天智航-U,医疗器械
600579,中化装备,专用设备
600522,中天科技,通信设备
300218,安利股份,化学制品
300582,英飞特,光电子器件
300285,国瓷材料,化学新材料
301580,爱迪特,医疗器械
688591,泰凌微,半导体
688362,甬矽电子,半导体
601601,中国太保,非银行金融
301086,鸿富瀚,消费电子设备
300493,润欣科技,半导体
300673,佩蒂股份,畜牧业
603068,博通集成,半导体
300825,阿尔特,汽车
300267,尔康制药,化学制药
002485,ST雪发,贸易
300741,华宝股份,食品
300837,浙矿股份,专用设备
600545,卓郎智能,专用设备
600362,江西铜业,基本金属
688608,恒玄科技,电子设备制造
002592,ST八菱,汽车
600587,新华医疗,医疗器械
603153,上海建科,专业服务
300968,格林精密,电子设备制造
300357,我武生物,生物医药
600675,中华企业,房地产开发
603897,长城科技,输变电设备
832469,富恒新材,化学制品
003020,立方制药,化学制药
301133,金钟股份,汽车
002932,明德生物,生物医药
002728,特一药业,中药生产
605598,上海港湾,建筑施工
002670,国盛金控,非银行金融
600301,华锡有色,基本金属
601500,通用股份,橡胶制品
000882,华联股份,商业物业经营
688050,爱博医疗,医疗器械
603660,苏州科达,计算机硬件
603333,尚纬股份,输变电设备
605016,百龙创园,食品
300731,科创新源,橡胶制品
300408,三环集团,电子元件
003027,同兴科技,环保
600216,浙江医药,化学制药
300707,威唐工业,汽车
603311,金海高科,通用设备
603033,三维股份,橡胶制品
300860,锋尚文化,休闲服务
300636,同和药业,化学制药
600007,中国国贸,房地产开发
301369,联动科技,半导体
603617,君禾股份,通用设备
836419,万德股份,化学制品
300484,蓝海华腾,输变电设备
605090,九丰能源,燃气
300184,力源信息,电子器件
002481,双塔食品,食品
300918,南山智尚,纺织
688217,睿昂基因,化学制药
834475,三友科技,专用设备
688448,磁谷科技,轨道交通设备
601898,中煤能源,煤炭
000927,中国铁物,轨道交通设备
600774,汉商集团,医药商业
688269,凯立新材,化学制品
603131,上海沪工,通用设备
301038,深水规院,基础建设
605111,新洁能,半导体
301498,乖宝宠物,食品
300191,潜能恒信,石油天然气
688201,信安世纪,计算机软件
603421,鼎信通讯,通信设备
605007,五洲特纸,造纸印刷
600196,复星医药,生物医药
603801,志邦家居,家具
600875,东方电气,电源设备
000756,新华制药,化学制药
301356,天振股份,化学制品
000063,中兴通讯,通信设备
603766,隆鑫通用,摩托车
600237,铜峰电子,电子元件
001379,腾达科技,通用设备
300033,同花顺,互联网金融
603511,爱慕股份,服装家纺
688058,宝兰德,计算机软件
873703,广厦环能,专用设备
300869,康泰医学,医疗器械
002034,旺能环境,环保
301296,新巨丰,造纸印刷
000404,长虹华意,通用设备
002177,御银股份,计算机硬件
000069,华侨城A,房地产开发
600350,山东高速,公路铁路
603789,星光农机,专用设备
603060,国检集团,专业服务
301006,迈拓股份,通用设备
688267,中触媒,化学制品
603615,茶花股份,化学制品
002405,四维图新,计算机软件
002913,奥士康,电子元件
603101,汇嘉时代,零售
301439,泓淋电力,输变电设备
603610,麒盛科技,家具
688016,心脉医疗,医疗器械
600389,江山股份,化肥农药
001279,强邦新材,造纸印刷
301251,威尔高,电子元件
832471,美邦科技,化学原料
600383,金地集团,房地产开发
688503,聚和材料,金属非金属新材料
601799,星宇股份,汽车
688335,复洁环保,专用设备
300978,东箭科技,汽车
688625,呈和科技,化学制品
837663,明阳科技,汽车
300915,海融科技,食品
603126,中材节能,专用设备
600558,大西洋,金属制品
688429,时创能源,电子设备制造
603915,国茂股份,通用设备
600782,新钢股份,钢铁
600136,ST明诚,影视动漫
001259,利仁科技,小家电
601360,三六零,计算机软件
002650,ST加加,食品
300659,中孚信息,计算机软件
603019,中科曙光,计算机硬件
002579,中京电子,电子元件
300559,佳发教育,计算机软件
300046,台基股份,半导体
600026,中远海能,港口航运
688156,路德环境,畜牧业
002137,实益达,电子设备制造
002768,国恩股份,化学制品
300694,蠡湖股份,汽车
603058,永吉股份,造纸印刷
002630,华西能源,电源设备
300394,天孚通信,光电子器件
300227,光韵达,电子元件
301378,通达海,计算机软件
601226,华电科工,建筑施工
301232,飞沃科技,金属制品
301371,敷尔佳,化学制品
300088,长信科技,电子器件
300890,翔丰华,金属非金属新材料
688283,坤恒顺维,电子设备制造
001308,康冠科技,消费电子设备
601319,中国人保,非银行金融
301207,华兰疫苗,生物医药
300004,南风股份,专用设备
300340,科恒股份,金属非金属新材料
000573,粤宏远A,房地产开发
600227,赤天化,化肥农药
605398,新炬网络,计算机软件
300121,阳谷华泰,橡胶制品
001965,招商公路,公路铁路
688401,路维光电,光电子器件
603016,新宏泰,输变电设备
603387,基蛋生物,化学制药
301386,未来电器,输变电设备
000555,神州信息,计算机软件
002535,林州重机,专用设备
600759,洲际油气,石油天然气
688343,云天励飞-U,计算机软件
603380,易德龙,电子设备制造
301256,华融化学,化学原料
600674,川投能源,电力
688531,日联科技,专用设备
688665,四方光电,电子设备制造
600783,鲁信创投,专用设备
002562,兄弟科技,化学制品
601225,陕西煤业,煤炭
300783,三只松鼠,食品
002907,华森制药,化学制药
603439,贵州三力,中药生产
600310,广西能源,电力
600056,中国医药,医药商业
300496,中科创达,计算机软件
000533,顺钠股份,输变电设备
300504,天邑股份,通信设备
002462,嘉事堂,医药商业
603266,天龙股份,化学制品
605218,伟时电子,电子器件
300666,江丰电子,半导体
600509,天富能源,电力
300025,华星创业,通信设备
600100,同方股份,计算机硬件
001287,中电港,贸易
838163,方大新材,造纸印刷
002826,易明医药,中药生产
688432,有研硅,半导体
600812,华北制药,化学制药
300040,九洲集团,电力
001333,光华股份,化学制品
002788,鹭燕医药,医药商业
002729,好利科技,电子器件
300632,光莆股份,光电子器件
300250,初灵信息,计算机软件
300243,瑞丰高材,化学制品
688658,悦康药业,化学制药
688607,康众医疗,医疗器械
688655,迅捷兴,电子元件
688079,美迪凯,光电子器件
300449,汉邦高科,计算机硬件
300678,中科信息,计算机软件
002055,得润电子,电子设备制造
600182,S佳通,橡胶制品
688184,帕瓦股份,电子设备制造
603639,海利尔,化肥农药
300198,纳川股份,其他建材
002174,游族网络,互联网服务
603967,中创物流,物流
603583,捷昌驱动,其他电气设备
001206,依依股份,保健护理
300130,新国都,计算机硬件
301399,英特科技,通用设备
873527,夜光明,化学制品
301353,普莱得,通用设备
600153,建发股份,物流
002542,中化岩土,建筑施工
300003,乐普医疗,医疗器械
300098,高新兴,计算机软件
873833,美心翼申,通用设备
301065,本立科技,化学制药
600292,远达环保,环保
603825,华扬联众,营销服务
300750,宁德时代,其他电气设备
688088,虹软科技,计算机软件
600129,太极集团,中药生产
600255,鑫科材料,基本金属
688089,嘉必优,食品
301381,赛维时代,互联网商务
600390,五矿资本,非银行金融
002943,宇晶股份,通用设备
300832,新产业,医疗器械
002160,常铝股份,基本金属
300207,欣旺达,电子设备制造
603282,亚光股份,专用设备
300400,劲拓股份,专用设备
688072,拓荆科技,半导体
301283,聚胶股份,化学制品
688585,上纬新材,合成纤维及树脂
301298,东利机械,汽车
000669,ST金鸿,燃气
688083,中望软件,计算机软件
301208,中亦科技,计算机软件
601279,英利汽车,汽车
603679,华体科技,照明设备
603128,华贸物流,物流
600569,安阳钢铁,钢铁
000627,天茂集团,非银行金融
301507,民生健康,生物医药
301062,上海艾录,造纸印刷
601886,江河集团,装修装饰
002584,西陇科学,化学制品
300500,启迪设计,专业服务
002520,日发精机,通用设备
603218,日月股份,金属制品
002156,通富微电,半导体
603658,安图生物,生物医药
300598,诚迈科技,计算机软件
600699,均胜电子,汽车
600743,华远地产,房地产开发
603979,金诚信,建筑施工
300769,德方纳米,金属非金属新材料
688197,首药控股-U,生物医药
688139,海尔生物,医疗器械
600550,保变电气,输变电设备
688613,奥精医疗,医疗器械
603987,康德莱,医疗器械
688668,鼎通科技,电子设备制造
001210,金房能源,电力
001298,好上好,电子元件
002583,海能达,通信设备
300935,盈建科,计算机软件
603950,长源东谷,汽车
601766,中国中车,铁路设备
301265,华新环保,环保
000628,高新发展,建筑施工
300955,嘉亨家化,化学制品
603194,中力股份,通用设备
600033,福建高速,公路铁路
300460,惠伦晶体,电子元件
002028,思源电气,输变电设备
300891,惠云钛业,化学制品
688262,国芯科技,半导体
002663,普邦股份,建筑施工
601702,华峰铝业,基本金属
300259,新天科技,通用设备
002655,共达电声,电子设备制造
002397,梦洁股份,服装家纺
001238,浙江正特,家具
688338,赛科希德,医疗器械
605199,葫芦娃,生物医药
600664,哈药股份,化学制药
002273,水晶光电,光电子器件
605183,确成股份,化学制品
688508,芯朋微,半导体
300386,飞天诚信,计算机硬件
301151,冠龙节能,通用设备
688355,明志科技,金属制品
002767,先锋电子,输变电设备
605086,龙高股份,陶瓷
600162,香江控股,房地产开发
300074,华平股份,通信设备
688710,益诺思,生物医药
300987,川网传媒,互联网服务
836433,大唐药业,中药生产
301391,卡莱特,计算机硬件
002950,奥美医疗,医疗器械
002005,ST德豪,光电子器件
002045,国光电器,电子设备制造
300319,麦捷科技,电子器件
605588,冠石科技,电子器件
300304,云意电气,汽车
002139,拓邦股份,电子设备制造
603042,华脉科技,通信设备
301002,崧盛股份,电子元件
002380,科远智慧,计算机软件
000801,四川九洲,通信设备
000532,华金资本,非银行金融
688777,中控技术,计算机软件
600222,太龙药业,中药生产
300513,恒实科技,通信设备
002392,北京利尔,耐火材料
833523,德瑞锂电,电源设备
688533,上声电子,汽车
301227,森鹰窗业,其他轻工
301010,晶雪节能,其他建材
603189,网达软件,计算机软件
003040,楚天龙,消费电子设备
600763,通策医疗,医疗服务
002515,金字火腿,食品
300411,金盾股份,通用设备
002607,中公教育,教育
603883,老百姓,医药商业
300051,琏升科技,电源设备
300461,田中精机,专用设备
688109,品茗科技,计算机软件
300327,中颖电子,半导体
600704,物产中大,物流
300308,中际旭创,通信设备
300377,赢时胜,计算机软件
300792,壹网壹创,营销服务
688660,电气风电,电源设备
600353,旭光电子,电子器件
002957,科瑞技术,通用设备
002960,青鸟消防,专用设备
002821,凯莱英,化学制药
300532,今天国际,计算机软件
600511,国药股份,医药商业
002705,新宝股份,小家电
688187,时代电气,轨道交通设备
301252,同星科技,通用设备
003013,地铁设计,基础建设
601069,西部黄金,贵金属
000582,北部湾港,港口航运
601992,金隅集团,水泥
300473,德尔股份,汽车
603657,春光科技,橡胶制品
603259,药明康德,医疗服务
430718,合肥高科,其他电气设备
300912,凯龙高科,专用设备
301046,能辉科技,电力
603520,司太立,化学制药
000415,渤海租赁,非银行金融
870299,灿能电力,输变电设备
688799,华纳药厂,化学制药
688318,财富趋势,计算机软件
301092,争光股份,合成纤维及树脂
601137,博威合金,金属非金属新材料
000560,我爱我家,房地产服务
000021,深科技,计算机硬件
688598,金博股份,金属非金属新材料
688222,成都先导,医药商业
001296,长江材料,金属非金属新材料
300721,怡达股份,化学制品
000049,德赛电池,电源设备
688013,天臣医疗,医疗器械
603035,常熟汽饰,汽车
688819,天能股份,电源设备
688117,圣诺生物,化学制药
002543,万和电气,小家电
603843,正平股份,基础建设
688505,复旦张江,生物医药
300010,豆神教育,教育
603815,交建股份,基础建设
600869,远东股份,输变电设备
003004,声迅股份,计算机软件
301047,义翘神州,生物医药
603383,顶点软件,计算机软件
300085,银之杰,计算机软件
300151,昌红科技,通用设备
603012,创力集团,专用设备
002986,宇新股份,化学新材料
601865,福莱特,电源设备
300759,康龙化成,生物医药
688351,微电生理-U,医疗器械
300623,捷捷微电,半导体
300154,瑞凌股份,通用设备
301197,工大科雅,通用设备
301198,喜悦智行,化学制品
000007,全新好,商业物业经营
300577,开润股份,纺织
688039,当虹科技,计算机软件
300529,健帆生物,医疗器械
605300,佳禾食品,食品
301246,宏源药业,化学制药
301189,奥尼电子,消费电子设备
002860,星帅尔,白色家电
300378,鼎捷数智,计算机软件
688012,中微公司,半导体
603320,迪贝电气,电机
002180,纳思达,计算机硬件
603195,公牛集团,其他电气设备
002555,三七互娱,互联网服务
300284,苏交科,基础建设
688498,源杰科技,电子设备制造
000957,中通客车,汽车
301237,和顺科技,化学制品
002469,三维化学,化学原料
002265,建设工业,汽车
002730,电光科技,电源设备
603390,通达电气,汽车
002666,德联集团,化学制品
600183,生益科技,电子元件
300801,泰和科技,化学制品
300639,凯普生物,生物医药
000505,京粮控股,农业
603933,睿能科技,电子器件
002876,三利谱,电子器件
301072,中捷精工,汽车
688123,聚辰股份,电子元件
688559,海目星,专用设备
688170,德龙激光,电子设备制造
002893,京能热力,电力
300772,运达股份,电机
002474,榕基软件,计算机软件
300644,南京聚隆,化学制品
301056,森赫股份,通用设备
688583,思看科技,通用设备
301362,民爆光电,照明设备
603135,中重科技,专用设备
300353,东土科技,通信设备
830799,艾融软件,计算机软件
300828,锐新科技,金属制品
300435,中泰股份,燃气
000402,金 融 街,房地产开发
300757,罗博特科,专用设备
600221,海航控股,航空机场
300552,万集科技,计算机硬件
300811,铂科新材,金属非金属新材料
300235,方直科技,计算机软件
837212,智新电子,电子元件
688108,赛诺医疗,医疗器械
300306,远方信息,通用设备
000002,万  科A,房地产开发
831855,浙江大农,通用设备
601133,柏诚股份,建筑施工
300773,拉卡拉,互联网金融
301515,港通医疗,医疗器械
600821,金开新能,电力
301387,光大同创,消费电子设备
688121,卓然股份,专用设备
600241,时代万恒,电源设备
300246,宝莱特,医疗器械
603527,众源新材,基本金属
300271,华宇软件,计算机软件
000717,中南股份,钢铁
300058,蓝色光标,营销服务
836957,汉维科技,化学原料
600157,永泰能源,电力
300052,中青宝,互联网服务
300226,上海钢联,互联网商务
601636,旗滨集团,玻璃
600796,钱江生化,化肥农药
002787,华源控股,金属制品
301123,奕东电子,消费电子设备
688403,汇成股份,电子元件
000820,神雾节能,环保
600557,康缘药业,中药生产
002825,纳尔股份,造纸印刷
002674,兴业科技,服装家纺
002262,恩华药业,化学制药
600048,保利发展,房地产开发
600728,佳都科技,计算机软件
000967,盈峰环境,环保
603031,安孚科技,电源设备
301367,怡和嘉业,医疗器械
832566,梓橦宫,化学制药
301520,万邦医药,生物医药
300201,海伦哲,汽车
600833,第一医药,医药商业
300951,博硕科技,电子器件
688171,纬德信息,计算机软件
000777,中核科技,通用设备
301193,家联科技,化学制品
688449,联芸科技,半导体
603779,威龙股份,饮料
603689,皖天然气,燃气
002141,*ST贤丰,畜牧业
600894,广日股份,专用设备
603003,*ST龙宇,石油天然气
301303,真兰仪表,通用设备
301182,凯旺科技,电子元件
837174,宏裕包材,化学制品
300568,星源材质,金属非金属新材料
603200,上海洗霸,环保
688221,前沿生物-U,生物医药
600503,华丽家族,房地产开发
301179,泽宇智能,通信设备
300471,厚普股份,专用设备
605378,野马电池,电源设备
000938,紫光股份,计算机软件
300809,华辰装备,通用设备
002733,雄韬股份,电源设备
002774,快意电梯,专用设备
600571,信雅达,计算机软件
300239,东宝生物,生物医药
002153,石基信息,计算机软件
300211,亿通科技,通信设备
300543,朗科智能,电子设备制造
300732,设研院,专业服务
000609,*ST中迪,房地产开发
002918,蒙娜丽莎,陶瓷
002128,电投能源,煤炭
300068,南都电源,电源设备
300260,新莱应材,通用设备
688015,交控科技,其他交运设备
002962,五方光电,光电子器件
600741,华域汽车,汽车
688051,佳华科技,互联网服务
301096,百诚医药,生物医药
301312,智立方,专用设备
688220,翱捷科技-U,半导体
300917,特发服务,房地产服务
301487,盟固利,金属非金属新材料
839790,联迪信息,计算机软件
301095,广立微,计算机软件
002931,锋龙股份,专用设备
603655,朗博科技,汽车
002970,锐明技术,计算机硬件
688007,光峰科技,视听器材
603203,快克智能,专用设备
002079,苏州固锝,半导体
603600,永艺股份,家具
002241,歌尔股份,电子设备制造
300641,正丹股份,化学制品
301166,优宁维,医药商业
301135,瑞德智能,电子设备制造
688006,杭可科技,专用设备
000062,深圳华强,电子元件
002363,隆基机械,汽车
301076,新瀚新材,化学制品
300683,海特生物,生物医药
300509,新美星,专用设备
300314,戴维医疗,医疗器械
301258,富士莱,化学制药
603006,联明股份,汽车
002390,信邦制药,医药商业
301509,金凯生科,生物医药
688291,金橙子,计算机软件
300047,天源迪科,计算机软件
300238,冠昊生物,医疗器械
300843,胜蓝股份,电子元件
301051,信濠光电,电子器件
002609,捷顺科技,计算机软件
688410,山外山,医疗器械
300590,移为通信,通信设备
000950,重药控股,医药商业
300625,三雄极光,光电子器件
301049,超越科技,环保
300326,凯利泰,医疗器械
002708,光洋股份,汽车
002322,理工能科,计算机软件
603158,腾龙股份,汽车
603529,爱玛科技,其他交运设备
603508,思维列控,计算机软件
300709,精研科技,电子设备制造
301299,卓创资讯,互联网服务
600588,用友网络,互联网技术
301089,拓新药业,生物医药
300876,蒙泰高新,合成纤维及树脂
603399,永杉锂业,稀有金属
600851,海欣股份,化学制药
301159,三维天地,计算机软件
601002,晋亿实业,通用设备
300774,倍杰特,环保
300522,世名科技,化学制品
301008,宏昌科技,其他电气设备
300716,泉为科技,电源设备
300807,天迈科技,计算机硬件
603496,恒为科技,通信设备
300982,苏文电能,电源设备
300453,三鑫医疗,医疗器械
600425,青松建化,水泥
002908,德生科技,计算机软件
301567,贝隆精密,电子元件
301122,采纳股份,医疗器械
300542,新晨科技,计算机软件
300274,阳光电源,电源设备
688137,近岸蛋白,生物医药
002899,英派斯,文娱用品
300283,温州宏丰,输变电设备
300950,德固特,专用设备
603123,翠微股份,非银行金融
603050,科林电气,输变电设备
300558,贝达药业,化学制药
300813,泰林生物,专用设备
300006,莱美药业,化学制药
300730,科创信息,计算机软件
001376,百通能源,电力
000977,浪潮信息,计算机硬件
002367,康力电梯,专用设备
688639,华恒生物,化学制品
002372,伟星新材,其他建材
688630,芯碁微装,专用设备
300035,中科电气,金属非金属新材料
688617,惠泰医疗,医疗器械
601019,山东出版,平面媒体
002338,奥普光电,通用设备
000915,华特达因,化学制药
603178,圣龙股份,汽车
000949,新乡化纤,合成纤维及树脂
600835,上海机电,专用设备
301631,壹连科技,电子元件
300331,苏大维格,电子器件
300685,艾德生物,生物医药
002432,九安医疗,医疗器械
601021,春秋航空,航空机场
603290,斯达半导,半导体
832786,骑士乳业,食品
002927,泰永长征,输变电设备
000909,ST数源,房地产开发
002165,红 宝 丽,化学原料
688295,中复神鹰,合成纤维及树脂
603966,法兰泰克,专用设备
301393,昊帆生物,化学制药
000157,中联重科,专用设备
002558,巨人网络,互联网服务
688789,宏华数科,其他电气设备
688733,壹石通,金属非金属新材料
001979,招商蛇口,房地产开发
603619,中曼石油,石油天然气
688478,晶升股份,电子设备制造
002402,和而泰,电子设备制造
603949,雪龙集团,汽车
002232,启明信息,计算机软件
301317,鑫磊股份,通用设备
603000,人民网,互联网服务
688253,英诺特,生物医药
605500,森林包装,造纸印刷
600742,一汽富维,汽车
300270,中威电子,电子设备制造
603083,剑桥科技,通信设备
300318,博晖创新,医疗器械
603893,瑞芯微,半导体
603339,四方科技,通用设备
688386,泛亚微透,橡胶制品
600481,双良节能,通用设备
605060,联德股份,通用设备
688056,莱伯泰科,通用设备
002145,中核钛白,化学制品
002633,申科股份,通用设备
300418,昆仑万维,互联网服务
001359,平安电工,金属非金属新材料
600882,妙可蓝多,食品
301376,致欧科技,家具
688260,昀冢科技,电子设备制造
002510,天汽模,汽车
600052,东望时代,水务
301512,智信精密,电子设备制造
002530,金财互联,通用设备
301291,明阳电气,输变电设备
301161,唯万密封,专用设备
834062,科润智控,输变电设备
873806,云星宇,计算机软件
300136,信维通信,电子设备制造
002278,神开股份,专用设备
002892,科力尔,电机
601168,西部矿业,基本金属
600678,四川金顶,其他建材
002068,黑猫股份,化学制品
300561,汇金科技,计算机软件
600770,综艺股份,综合
300195,长荣股份,专用设备
603686,福龙马,环保
300796,贝斯美,化肥农药
300831,派瑞股份,半导体
002466,天齐锂业,稀有金属
300005,探路者,服装家纺
688135,利扬芯片,半导体
301408,华人健康,医药商业
003019,宸展光电,电子元件
603918,金桥信息,计算机软件
603386,骏亚科技,电子元件
002245,蔚蓝锂芯,其他电气设备
688670,金迪克,生物医药
688520,神州细胞-U,生物医药
002109,兴化股份,化学原料
838810,春光药装,专用设备
000852,石化机械,专用设备
300616,尚品宅配,家具
603706,东方环宇,燃气
002103,广博股份,文娱用品
300614,百川畅银,电力
300604,长川科技,半导体
605169,洪通燃气,燃气
600590,泰豪科技,输变电设备
000877,天山股份,水泥
603277,银都股份,通用设备
603737,三棵树,化学制品
002212,天融信,互联网服务
603205,健尔康,医疗器械
601600,中国铝业,基本金属
002307,北新路桥,基础建设
603682,锦和商管,商业物业经营
838030,德众汽车,汽车
301016,雷尔伟,通用设备
002362,汉王科技,计算机软件
603038,华立股份,装修装饰
002549,凯美特气,化学制品
605117,德业股份,其他家电
605277,新亚电子,输变电设备
300976,达瑞电子,电子器件
430047,诺思兰德,生物医药
600234,*ST科新,装修装饰
002368,太极股份,计算机软件
688180,君实生物-U,生物医药
300779,惠城环保,环保
688360,德马科技,通用设备
600171,上海贝岭,半导体
002923,润都股份,化学制药
688150,莱特光电,光电子器件
300758,七彩化学,化学制品
002590,万安科技,汽车
300768,迪普科技,计算机软件
688017,绿的谐波,通用设备
301185,鸥玛软件,计算机软件
688695,中创股份,计算机软件
603926,铁流股份,汽车
603773,沃格光电,电子器件
601100,恒立液压,通用设备
600570,恒生电子,计算机软件
000821,京山轻机,电源设备
002067,景兴纸业,造纸印刷
000691,亚太实业,化学原料
301106,骏成科技,电子器件
300585,奥联电子,汽车
688435,英方软件,计算机软件
300540,蜀道装备,专用设备
002211,宏达新材,化学制品
688228,开普云,计算机软件
000935,四川双马,非银行金融
600889,南京化纤,合成纤维及树脂
301108,洁雅股份,化学制品
002640,跨境通,互联网商务
002522,浙江众成,化学制品
300470,中密控股,通用设备
688116,天奈科技,金属非金属新材料
603258,电魂网络,互联网服务
688247,宣泰医药,生物医药
834014,特瑞斯,专用设备
000572,海马汽车,汽车
603032,德新科技,专用设备
300930,屹通新材,金属非金属新材料
301172,君逸数码,计算机软件
301456,盘古智能,专用设备
835185,贝特瑞,金属非金属新材料
600708,光明地产,房地产开发
603219,富佳股份,其他家电
300093,金刚光伏,电子元件
002223,鱼跃医疗,医疗器械
603298,杭叉集团,专用设备
600933,爱柯迪,汽车
300946,恒而达,金属制品
831768,拾比佰,金属制品
002217,*ST合泰,电子器件
688082,盛美上海,电子设备制造
300743,天地数码,计算机硬件
834415,恒拓开源,计算机软件
600070,*ST富润,互联网服务
000528,柳    工,专用设备
301015,百洋医药,医药商业
601727,上海电气,电源设备
600724,宁波富达,水泥
300823,建科智能,专用设备
688365,光云科技,计算机软件
688767,博拓生物,医疗器械
300253,卫宁健康,计算机软件
300242,佳云科技,营销服务
600498,烽火通信,通信设备
601083,锦江航运,港口航运
301087,可孚医疗,医疗器械
301286,侨源股份,化学原料
300789,唐源电气,计算机硬件
603608,*ST天创,服装家纺
688073,毕得医药,生物医药
300965,*ST恒宇,电子设备制造
836077,吉林碳谷,合成纤维及树脂
002698,博实股份,专用设备
301109,军信股份,环保
688450,光格科技,电子设备制造
300364,中文在线,平面媒体
601138,工业富联,通信设备
301321,翰博高新,光电子器件
600105,永鼎股份,通信设备
002517,恺英网络,互联网服务
688300,联瑞新材,金属非金属新材料
002660,茂硕电源,电子设备制造
300379,东方通,计算机软件
603117,万林物流,物流
002020,京新药业,化学制药
301163,宏德股份,金属制品
688299,长阳科技,光电子器件
000530,冰山冷热,通用设备
300810,中科海讯,电子设备制造
831834,三维股份,化学制品
833075,柏星龙,造纸印刷
688456,有研粉材,金属非金属新材料
603726,朗迪集团,通用设备
601231,环旭电子,电子设备制造
603611,诺力股份,专用设备
603360,百傲化学,化学制品
301205,联特科技,通信设备
688443,智翔金泰-U,生物医药
002691,冀凯股份,专用设备
000050,深天马A,电子器件
601899,紫金矿业,贵金属
002533,金杯电工,输变电设备
300925,法本信息,计算机软件
002514,宝馨科技,金属制品
300634,彩讯股份,计算机软件
300519,新光药业,中药生产
300478,杭州高新,金属非金属新材料
300213,佳讯飞鸿,通信设备
603721,中广天择,影视动漫
688626,翔宇医疗,医疗器械
300920,润阳科技,化学制品
002961,瑞达期货,非银行金融
871970,大禹生物,畜牧业
603669,灵康药业,化学制药
301090,华润材料,化学原料
600817,宇通重工,专用设备
300475,香农芯创,电子元件
831039,国义招标,专业服务
300512,中亚股份,专用设备
300041,回天新材,化学制品
688168,安博通,计算机软件
600535,天士力,中药生产
603095,越剑智能,专用设备
688202,美迪西,生物医药
002008,大族激光,电子设备制造
002532,天山铝业,基本金属
873152,天宏锂电,电源设备
002824,和胜股份,汽车
300776,帝尔激光,电子设备制造
603291,联合水务,水务
600337,美克家居,家具
688629,华丰科技,电子设备制造
688196,卓越新能,化学制品
605108,同庆楼,休闲服务
301360,荣旗科技,专用设备
000598,兴蓉环境,水务
688652,京仪装备,半导体
002722,物产金轮,金属制品
002030,达安基因,生物医药
300159,新研股份,专用设备
600207,安彩高科,电源设备
002248,华东数控,通用设备
688177,百奥泰,生物医药
600006,东风股份,汽车
301413,安培龙,通用设备
002398,垒知集团,其他建材
833575,康乐卫士,生物医药
601965,中国汽研,专业服务
300554,三超新材,通用设备
603927,中科软,计算机软件
000948,南天信息,计算机软件
000099,中信海直,航空机场
688721,龙图光罩,半导体
688185,康希诺,生物医药
300671,富满微,半导体
605056,咸亨国际,通用设备
605255,天普股份,汽车
002822,ST中装,装修装饰
000736,中交地产,房地产开发
603275,众辰科技,通用设备
688518,联赢激光,专用设备
002258,利尔化学,化肥农药
600272,开开实业,医药商业
002387,维信诺,光电子器件
830974,凯大催化,化学制品
002036,联创电子,光电子器件
688236,春立医疗,医疗器械
603165,荣晟环保,造纸印刷
603637,镇海股份,建筑施工
301042,安联锐视,消费电子设备
688697,纽威数控,通用设备
002777,久远银海,计算机软件
300927,江天化学,化学原料
300822,贝仕达克,消费电子设备
002536,飞龙股份,汽车
002862,实丰文化,文娱用品
605336,帅丰电器,小家电
603107,上海汽配,汽车
301297,富乐德,专业服务
688627,精智达,电子设备制造
001311,多利科技,汽车
688336,三生国健,生物医药
000567,海德股份,非银行金融
603160,汇顶科技,电子元件
688353,华盛锂电,化学制品
603223,恒通股份,石油天然气
300075,数字政通,计算机软件
834770,艾能聚,其他电气设备
600732,爱旭股份,电源设备
300030,阳普医疗,医疗器械
300148,天舟文化,平面媒体
688466,金科环境,环保
688387,信科移动-U,互联网服务
300790,宇瞳光学,光电子器件
002323,雅博股份,钢结构
000889,ST中嘉,通信设备
000682,东方电子,输变电设备
301099,雅创电子,电子元件
300196,长海股份,合成纤维及树脂
835985,海泰新能,电源设备
002410,广联达,计算机软件
600839,四川长虹,消费电子设备
301397,溯联股份,汽车
300624,万兴科技,计算机软件
601238,广汽集团,汽车
600789,鲁抗医药,化学制药
002912,中新赛克,计算机软件
603456,九洲药业,化学制药
688615,合合信息,计算机软件
002213,大为股份,半导体
300677,英科医疗,医疗器械
300458,全志科技,半导体
603283,赛腾股份,专用设备
872925,锦好医疗,医疗器械
688332,中科蓝讯,半导体
835368,连城数控,电子设备制造
688525,佰维存储,电子设备制造
836717,瑞星股份,专用设备
300571,平治信息,通信运营
835179,凯德石英,半导体
600595,中孚实业,基本金属
603650,彤程新材,化学原料
301505,苏州规划,专业服务
300141,和顺电气,输变电设备
300546,雄帝科技,电子设备制造
001391,国货航,航空机场
002727,一心堂,医药商业
300916,朗特智能,电子设备制造
300254,仟源医药,化学制药
603009,北特科技,汽车
301126,达嘉维康,医药商业
301201,诚达药业,生物医药
002600,领益智造,电子元件
300531,优博讯,通信设备
002396,星网锐捷,通信设备
002845,同兴达,电子器件
300781,因赛集团,营销服务
688266,泽璟制药-U,化学制药
000531,穗恒运A,电力
836720,吉冈精密,汽车
301331,恩威医药,中药生产
002221,东华能源,石油天然气
688280,精进电动-UW,汽车
002659,凯文教育,教育
000078,海王生物,医药商业
688373,盟科药业-U,生物医药
300429,强力新材,化学制品
300157,新锦动力,通用设备
300176,鸿特科技,汽车
002203,海亮股份,基本金属
301301,川宁生物,生物医药
001226,拓山重工,通用设备
688618,三旺通信,互联网服务
600886,国投电力,电力
002979,雷赛智能,通用设备
301326,捷邦科技,消费电子设备
300507,苏奥传感,汽车
603280,南方路机,专用设备
600609,金杯汽车,汽车
603538,美诺华,化学制药
688416,恒烁股份,电子元件
300817,双飞集团,通用设备
002625,光启技术,航空航天装备
834261,一诺威,化学制品
002922,伊戈尔,电源设备
301053,远信工业,专用设备
001696,宗申动力,汽车
688071,华依科技,汽车
002324,普利特,化学制品
300339,润和软件,计算机软件
300989,蕾奥规划,专业服务
300729,乐歌股份,家具
603595,东尼电子,电子元件
301622,英思特,金属非金属新材料
603960,克来机电,专用设备
000811,冰轮环境,通用设备
688219,会通股份,化学制品
600988,赤峰黄金,贵金属
300031,宝通科技,互联网服务
300343,联创股份,化学新材料
430017,星昊医药,化学制药
605133,嵘泰股份,汽车
301380,挖金客,互联网服务
605339,南侨食品,食品
836504,博迅生物,通用设备
301290,东星医疗,医疗器械
300492,华图山鼎,专业服务
002161,远 望 谷,电子设备制造
002097,山河智能,专用设备
603336,宏辉果蔬,农业
838402,硅烷科技,化学原料
600662,外服控股,专业服务
600387,*ST海越,石油天然气
600256,广汇能源,石油天然气
002637,赞宇科技,化学制品
001358,兴欣新材,化学原料
301510,固高科技,通用设备
831526,凯华材料,电子元件
300751,迈为股份,电源设备
603368,柳药集团,医药商业
300229,拓尔思,计算机软件
301186,超达装备,专用设备
300152,新动力,环保
002703,浙江世宝,汽车
003028,振邦智能,其他电气设备
688329,艾隆科技,医疗器械
301320,豪江智能,电子设备制造
000639,西王食品,食品
301539,宏鑫科技,汽车
000065,北方国际,建筑施工
839719,宁新新材,金属非金属新材料
689009,九号公司-WD,其他交运设备
300126,锐奇股份,通用设备
001368,通达创智,橡胶制品
300979,华利集团,服装家纺
301318,维海德,电子设备制造
301255,通力科技,通用设备
872895,花溪科技,专用设备
000933,神火股份,基本金属
002409,雅克科技,半导体
300697,电工合金,基本金属
301259,艾布鲁,环保
688127,蓝特光学,光电子器件
300584,海辰药业,化学制药
601339,百隆东方,纺织
300363,博腾股份,化学制药
301028,东亚机械,专用设备
603444,吉比特,互联网服务
300439,美康生物,生物医药
603132,金徽股份,基本金属
300381,溢多利,生物医药
300096,ST易联众,计算机软件
300753,爱朋医疗,医疗器械
836395,朗鸿科技,电子设备制造
301081,严牌股份,专用设备
688107,安路科技,电子设备制造
301030,仕净科技,专用设备
300937,药易购,医药商业
002119,康强电子,半导体
002399,海普瑞,生物医药
688183,生益电子,电子设备制造
301269,华大九天,计算机软件
600756,浪潮软件,计算机软件
300149,睿智医药,生物医药
300588,熙菱信息,计算机软件
301368,丰立智能,通用设备
688433,华曙高科,电子设备制造
600208,衢州发展,房地产开发
600190,ST锦港,港口航运
300054,鼎龙股份,半导体
601155,新城控股,房地产开发
300910,瑞丰新材,化学制品
300537,广信材料,化学制品
600705,中航产融,非银行金融
002296,辉煌科技,其他电气设备
600645,中源协和,生物医药
688131,皓元医药,化学制药
603255,鼎际得,化学制品
688161,威高骨科,医疗器械
834033,康普化学,化学制品
002236,大华股份,计算机硬件
688206,概伦电子,计算机软件
300981,中红医疗,医疗器械
300346,南大光电,半导体
002355,兴民智通,汽车
301003,江苏博云,化学制品
300024,机器人,机器人
688275,万润新能,金属非金属新材料
300115,长盈精密,电子设备制造
300482,万孚生物,医疗器械
603051,鹿山新材,化学制品
002066,瑞泰科技,耐火材料
603757,大元泵业,通用设备
301171,易点天下,营销服务
603118,共进股份,通信设备
603018,华设集团,专业服务
300468,四方精创,计算机软件
301183,东田微,光电子器件
688100,威胜信息,计算机软件
300345,华民股份,电源设备
301129,瑞纳智能,通用设备
002250,联化科技,化肥农药
000681,视觉中国,互联网服务
300602,飞荣达,电子器件
603993,洛阳钼业,稀有金属
601933,永辉超市,零售
833751,惠同新材,金属制品
603917,合力科技,汽车
000886,海南高速,房地产开发
300645,正元智慧,互联网服务
002031,巨轮智能,专用设备
000429,粤高速A,公路铁路
430478,峆一药业,化学制药
300996,普联软件,计算机软件
600715,*ST文投,影视动漫
000551,创元科技,专用设备
300016,北陆药业,化学制药
603758,秦安股份,汽车
301289,国缆检测,专业服务
603626,科森科技,金属制品
300192,科德教育,教育
836221,易实精密,汽车
603122,合富中国,医药商业
603688,石英股份,金属非金属新材料
301001,凯淳股份,互联网服务
600376,首开股份,房地产开发
301285,鸿日达,电子元件
430564,天润科技,计算机软件
603082,北自科技,通用设备
300563,神宇股份,输变电设备
603233,大参林,医药商业
301257,普蕊斯,专业服务
688489,三未信安,电子元件
600663,陆家嘴,房地产开发
688786,悦安新材,金属非金属新材料
688576,西山科技,医疗器械
600636,国新文化,教育
688169,石头科技,机器人
600206,有研新材,稀有金属
603341,龙旗科技,通信设备
688004,博汇科技,计算机软件
003005,竞业达,计算机软件
301027,华蓝集团,专业服务
838924,广脉科技,互联网服务
300359,全通教育,教育
688737,中自科技,化学制品
300695,兆丰股份,汽车
300795,米奥会展,休闲服务
301221,光庭信息,计算机软件
001319,铭科精技,汽车
605288,凯迪股份,电机
002415,海康威视,计算机硬件
002647,*ST仁东,互联网金融
002581,未名医药,生物医药
688322,奥比中光-UW,电子设备制造
300620,光库科技,通信设备
601127,赛力斯,汽车
688361,中科飞测,专用设备
300077,国民技术,半导体
836699,海达尔,金属制品
430139,华岭股份,半导体
605376,博迁新材,稀有金属
001267,汇绿生态,建筑施工
300236,上海新阳,半导体
002272,川润股份,通用设备
688380,中微半导,半导体
300663,科蓝软件,计算机软件
301323,新莱福,金属非金属新材料
300170,汉得信息,计算机软件
301382,蜂助手,互联网服务
688579,山大地纬,计算机软件
301128,强瑞技术,专用设备
300520,科大国创,计算机软件
688129,东来技术,化学制品
603111,康尼机电,轨道交通设备
002823,凯中精密,电机
300926,博俊科技,汽车
688475,萤石网络,其他家电
603139,康惠制药,中药生产
301379,天山电子,计算机硬件
301060,兰卫医学,医药商业
300866,安克创新,消费电子设备
002114,罗平锌电,基本金属
605186,健麾信息,专用设备
000559,万向钱潮,汽车
600861,北京人力,专业服务
002284,亚太股份,汽车
688065,凯赛生物,化学新材料
300037,新宙邦,化学制品
600847,万里股份,电源设备
002534,西子洁能,电源设备
603196,日播时尚,服装家纺
002879,长缆科技,输变电设备
836247,华密新材,橡胶制品
300488,恒锋工具,通用设备
301188,力诺药包,玻璃
603806,福斯特,电源设备
603551,奥普科技,其他家电
301588,美新科技,化学制品
300985,致远新能,金属制品
688389,普门科技,医疗器械
301209,联合化学,化学原料
301036,双乐股份,化学制品
688317,之江生物,生物医药
002569,ST步森,服装家纺
688609,九联科技,通信设备
300865,大宏立,专用设备
002570,贝因美,食品
300805,电声股份,营销服务
300557,理工光科,通用设备
688381,帝奥微,半导体
002298,中电鑫龙,输变电设备
688023,安恒信息,计算机软件
002657,中科金财,互联网金融
605228,神通科技,汽车
300143,盈康生命,医疗器械
688159,有方科技,通信设备
833819,颖泰生物,化肥农药
001230,劲旅环境,环保
002529,海源复材,专用设备
688019,安集科技,半导体
430685,新芝生物,通用设备
688372,伟测科技,半导体
688273,麦澜德,医疗器械
300688,创业黑马,专业服务
300648,星云股份,通用设备
300654,世纪天鸿,平面媒体
300988,津荣天宇,金属制品
300161,华中数控,机器人
831195,三祥科技,汽车
002295,精艺股份,基本金属
300384,三联虹普,合成纤维及树脂
301177,迪阿股份,珠宝首饰
300056,中创环保,环保
300786,国林科技,专用设备
002589,瑞康医药,医药商业
300973,立高食品,食品
002315,焦点科技,互联网商务
603585,苏利股份,化肥农药
000516,国际医学,医疗服务
300990,同飞股份,通用设备
002938,鹏鼎控股,电子元件
688687,凯因科技,生物医药
002110,三钢闽光,钢铁
600187,国中水务,水务
833914,远航精密,电子元件
688561,奇安信-U,计算机软件
000509,华塑控股,电子器件
002253,川大智胜,计算机软件
832175,东方碳素,金属非金属新材料
688631,莱斯信息,计算机软件
002210,飞马国际,环保
300607,拓斯达,机器人
430489,佳先股份,化学制品
603170,宝立食品,食品
688323,瑞华泰,化学制品
300463,迈克生物,生物医药
002208,合肥城建,房地产开发
603613,国联股份,互联网商务
002902,铭普光磁,电子器件
688096,京源环保,专用设备
601298,青岛港,港口航运
002382,蓝帆医疗,医疗器械
300109,新开源,化学新材料
872541,铁大科技,铁路设备
300173,福能东方,专用设备
000868,安凯客车,汽车
300206,理邦仪器,医疗器械
003008,开普检测,专业服务
600580,卧龙电驱,电机
002901,大博医疗,医疗器械
002527,新时达,机器人
688136,科兴制药,生物医药
688766,普冉股份,半导体
600246,万通发展,房地产开发
603338,浙江鼎力,专用设备
833873,中设咨询,专业服务
605266,健之佳,医药商业
871478,巨能股份,机器人
835184,国源科技,计算机软件
300183,东软载波,半导体
688739,成大生物,生物医药
002881,美格智能,消费电子设备
300179,四方达,金属非金属新材料
300879,大叶股份,专用设备
300642,透景生命,生物医药
300307,慈星股份,专用设备
000518,四环生物,生物医药
002163,海南发展,装修装饰
688692,达梦数据,计算机软件
300576,容大感光,化学制品
002347,泰尔股份,通用设备
603501,韦尔股份,半导体
002690,美亚光电,专用设备
000590,启迪药业,中药生产
600622,光大嘉宝,房地产服务
600410,华胜天成,计算机软件
605088,冠盛股份,汽车
002920,德赛西威,汽车
002229,鸿博股份,造纸印刷
688331,荣昌生物,生物医药
001332,锡装股份,金属制品
688577,浙海德曼,通用设备
001309,德明利,半导体
688313,仕佳光子,电子设备制造
603880,南卫股份,医疗器械
600018,上港集团,港口航运
002762,金发拉比,服装家纺
688095,福昕软件,计算机软件
688225,亚信安全,计算机软件
002937,兴瑞科技,电子设备制造
002051,中工国际,建筑施工
300134,大富科技,通信设备
688378,奥来德,光电子器件
688172,燕东微,半导体
688252,天德钰,半导体
688798,艾为电子,半导体
688356,键凯科技,化学制药
300941,创识科技,计算机软件
001367,海森药业,化学制药
301336,趣睡科技,家具
688191,智洋创新,计算机软件
301119,正强股份,汽车
300862,蓝盾光电,通用设备
300637,扬帆新材,化学制品
600193,创兴资源,装修装饰
688326,经纬恒润-W,汽车
834407,驰诚股份,通用设备
688590,新致软件,计算机软件
688118,普元信息,计算机软件
301281,科源制药,化学制药
688578,艾力斯,化学制药
002444,巨星科技,金属制品
002801,微光股份,电机
600012,皖通高速,公路铁路
603922,金鸿顺,汽车
300725,药石科技,生物医药
002906,华阳集团,汽车
301607,富特科技,汽车
300412,迦南科技,专用设备
300095,华伍股份,专用设备
002622,皓宸医疗,医疗服务
300873,海晨股份,物流
688468,科美诊断,医疗器械
000980,众泰汽车,汽车
600895,张江高科,房地产开发
300533,冰川网络,互联网服务
603378,亚士创能,化学制品
301235,华康医疗,医疗服务
000723,美锦能源,煤炭
836239,长虹能源,电源设备
301149,隆华新材,化学原料
300853,申昊科技,通用设备
002379,宏创控股,基本金属
300675,建科院,专业服务
002664,信质集团,汽车
688293,奥浦迈,生物医药
603816,顾家家居,家具
002631,德尔未来,家具
002598,山东章鼓,通用设备
605319,无锡振华,汽车
872351,华光源海,港口航运
300525,博思软件,计算机软件
688557,兰剑智能,通用设备
300465,高伟达,计算机软件
688232,新点软件,计算机软件
002993,奥海科技,电子设备制造
002849,威星智能,通用设备
003032,传智教育,教育
300399,天利科技,通信设备
603699,纽威股份,通用设备
688075,安旭生物,生物医药
300409,道氏技术,金属非金属新材料
688656,浩欧博,生物医药
002725,跃岭股份,汽车
301192,泰祥股份,汽车
002779,中坚科技,专用设备
000158,常山北明,计算机软件
603037,凯众股份,汽车
688227,品高股份,计算机软件
002475,立讯精密,电子设备制造
301120,新特电气,其他电气设备
603727,博迈科,石油天然气
603166,福达股份,汽车
300490,华自科技,输变电设备
836871,派特尔,化学制品
300380,安硕信息,计算机软件
300842,帝科股份,电子元件
300328,宜安科技,金属制品
300311,任子行,计算机软件
301548,崇德科技,通用设备
301316,慧博云通,计算机软件
300765,新诺威,饮料
603322,超讯通信,通信设备
603036,如通股份,专用设备
002778,中晟高科,环保
600478,科力远,电源设备
430090,同辉信息,计算机软件
300562,乐心医疗,医疗器械
688152,麒麟信安,计算机软件
688606,奥泰生物,生物医药
300233,金城医药,化学制药
301091,深城交,专业服务
002841,视源股份,电子元件
430476,海能技术,通用设备
688325,赛微微电,半导体
605166,聚合顺,化学制品
300255,常山药业,化学制药
301097,天益医疗,医疗器械
600520,文一科技,通用设备
688548,广钢气体,化学制品
301007,德迈仕,汽车
688582,芯动联科,电子元件
603063,禾望电气,输变电设备
603330,天洋新材,化学制品
688234,天岳先进,半导体
605178,时空科技,建筑施工
688265,南模生物,生物医药
837242,建邦科技,汽车
603677,奇精机械,白色家电
688633,星球石墨,专用设备
603636,南威软件,计算机软件
688138,清溢光电,光电子器件
002553,南方精工,汽车
300295,三六五网,互联网服务
300550,和仁科技,计算机软件
300354,东华测试,通用设备
300984,金沃股份,通用设备
605158,华达新材,金属制品
301248,杰创智能,计算机软件
871396,常辅股份,通用设备
603201,常润股份,汽车
603663,三祥新材,稀有金属
600217,中再资环,环保
002194,武汉凡谷,通信设备
688667,菱电电控,汽车
301279,金道科技,通用设备
300446,航天智造,汽车
301130,西点药业,化学制药
688099,晶晨股份,电子元件
688683,莱尔科技,电子设备制造
603389,亚振家居,家具
300333,兆日科技,计算机软件
688580,伟思医疗,医疗器械
688320,禾川科技,通用设备
688008,澜起科技,电子设备制造
603822,嘉澳环保,化学制品
300286,安科瑞,输变电设备
688612,威迈斯,汽车
000695,滨海能源,金属非金属新材料
000807,云铝股份,基本金属
831152,昆工科技,金属制品
300911,亿田智能,其他家电
831627,力王股份,其他电气设备
002403,爱仕达,小家电
300827,上能电气,电源设备
002639,雪人股份,通用设备
600605,汇通能源,房地产服务
605081,太和水,环保
688620,安凯微,半导体
688535,华海诚科,化学新材料
301236,软通动力,计算机软件
300605,恒锋信息,计算机软件
688522,纳睿雷达,地面装备
688581,安杰思,医疗器械
837344,三元基因,生物医药
688111,金山办公,计算机软件
688719,爱科赛博,其他电气设备
300168,万达信息,计算机软件
603906,龙蟠科技,化学制品
002281,光迅科技,通信设备
002765,蓝黛科技,电子元件
002747,埃斯顿,机器人
300489,光智科技,光电子器件
688575,亚辉龙,医疗器械
002838,道恩股份,化学制品
301023,江南奕帆,电机
603730,岱美股份,汽车
600825,新华传媒,平面媒体
688271,联影医疗,医疗器械
688028,沃尔德,通用设备
301093,华兰股份,医疗器械
002616,长青集团,专用设备
603898,好莱客,家具
603308,应流股份,通用设备
300099,尤洛卡,专用设备
603656,泰禾智能,专用设备
301308,江波龙,电子设备制造
000988,华工科技,电子设备制造
603286,日盈电子,汽车
688698,伟创电气,通用设备
603239,浙江仙通,汽车
300348,长亮科技,计算机软件
688571,杭华股份,化学新材料
002075,沙钢股份,钢铁
002222,福晶科技,电子元件
688090,瑞松科技,专用设备
001380,华纬科技,汽车
688677,海泰新光,医疗器械
300829,金丹科技,食品
688165,埃夫特-U,机器人
603607,京华激光,造纸印刷
688278,特宝生物,生物医药
300872,天阳科技,计算机软件
300479,神思电子,电子设备制造
600761,安徽合力,专用设备
600421,华嵘控股,通用设备
301611,珂玛科技,半导体
688030,山石网科,计算机软件
603992,松霖科技,其他轻工
688787,海天瑞声,互联网服务
300977,深圳瑞捷,综合
688301,奕瑞科技,医疗器械
002306,中科云网,休闲服务
300913,兆龙互连,通信设备
000410,沈阳机床,通用设备
002624,完美世界,互联网服务
300539,横河精密,化学制品
300290,荣科科技,计算机软件
603121,华培动力,汽车
603197,保隆科技,汽车
002046,国机精工,通用设备
300667,必创科技,输变电设备
300147,香雪制药,中药生产
603662,柯力传感,通用设备
300545,联得装备,电子器件
603990,麦迪科技,计算机软件
835237,力佳科技,电子器件
688200,华峰测控,电子设备制造
600525,长园集团,输变电设备
300852,四会富仕,电子设备制造
873593,鼎智科技,电机
300324,旋极信息,计算机软件
003021,兆威机电,专用设备
301421,波长光电,光电子器件
000856,冀东装备,专用设备
688507,索辰科技,计算机软件
603786,科博达,汽车
002654,万润科技,营销服务
300679,电连技术,电子器件
603081,大丰实业,专用设备
002685,华东重机,通用设备
002371,北方华创,半导体
301017,漱玉平民,医药商业
301196,唯科科技,化学制品
300785,值得买,互联网商务
300113,顺网科技,互联网服务
600423,柳化股份,化肥农药
301280,珠城科技,电子器件
601177,杭齿前进,通用设备
300421,力星股份,通用设备
002947,恒铭达,电子设备制造
603596,伯特利,汽车
603297,永新光学,光电子器件
603236,移远通信,通信设备
839167,同享科技,光电子器件
002723,小崧股份,小家电
300341,麦克奥迪,其他电气设备
605555,德昌股份,小家电
002672,东江环保,环保
301358,湖南裕能,金属非金属新材料
300565,科信技术,通信设备
605580,恒盛能源,电力
600345,长江通信,通信设备
688036,传音控股,消费电子设备
300969,恒帅股份,汽车
003041,真爱美家,服装家纺
688208,道通科技,计算机硬件
688600,皖仪科技,通用设备
838670,恒进感应,通用设备
600302,标准股份,专用设备
430300,辰光医疗,医疗器械
300433,蓝思科技,电子设备制造
688286,敏芯股份,电子器件
688486,龙迅股份,半导体
603700,宁水集团,通用设备
002244,滨江集团,房地产开发
688315,诺禾致源,医疗服务
832491,奥迪威,电子器件
603278,大业股份,金属制品
301009,可靠股份,造纸印刷
688035,德邦科技,化学新材料
836208,青矩技术,专业服务
301315,威士顿,计算机软件
301210,金杨股份,金属非金属新材料
830779,武汉蓝电,通用设备
600172,黄河旋风,金属非金属新材料
301004,嘉益股份,金属制品
300638,广和通,通信设备
603085,天成自控,汽车
688147,微导纳米,其他电气设备
301181,标榜股份,汽车
300454,深信服,计算机软件
002104,恒宝股份,通信设备
002048,宁波华翔,汽车
000680,山推股份,专用设备
301230,泓博医药,生物医药
600107,美尔雅,服装家纺
600055,万东医疗,医疗器械
002721,ST金一,珠宝首饰
688199,久日新材,化学制品
300902,国安达,专用设备
301557,常友科技,化学制品
835579,机科股份,机器人
002112,三变科技,输变电设备
002593,日上集团,钢结构
688702,盛科通信-U,半导体
601777,千里科技,汽车
603929,亚翔集成,建筑施工
300901,中胤时尚,专业服务
835670,数字人,计算机软件
300548,博创科技,通信设备
688213,思特威-W,半导体
605080,浙江自然,文娱用品
300220,金运激光,电子设备制造
870508,丰安股份,通用设备
831167,鑫汇科,电子设备制造
688621,阳光诺和,生物医药
002602,ST华通,互联网服务
300288,朗玛信息,互联网服务
601869,长飞光纤,通信设备
688314,康拓医疗,医疗器械
831278,泰德股份,汽车
300293,蓝英装备,专用设备
301019,宁波色母,化学制品
838227,美登科技,计算机软件
688052,纳芯微,半导体
688258,卓易信息,计算机软件
688041,海光信息,半导体
688678,福立旺,通用设备
688662,富信科技,半导体
301602,超研股份,专用设备
688716,中研股份,合成纤维及树脂
002358,森源电气,输变电设备
600104,上汽集团,汽车
603409,汇通控股,汽车
836149,旭杰科技,专业服务
688272,富吉瑞,电子设备制造
002044,美年健康,医疗服务
300541,先进数通,计算机软件
688529,豪森智能,专用设备
300814,中富电路,电子设备制造
688418,震有科技,通信设备
688003,天准科技,通用设备
300643,万通智控,汽车
002889,东方嘉盛,物流
833533,骏创科技,汽车
300258,精锻科技,汽车
603986,兆易创新,半导体
688720,艾森股份,半导体
300223,北京君正,半导体
603005,晶方科技,半导体
600200,江苏吴中,医药商业
000892,欢瑞世纪,影视动漫
300938,信测标准,汽车
603666,亿嘉和,机器人
430510,丰光精密,金属制品
603901,永创智能,专用设备
300570,太辰光,通信设备
688661,和林微纳,电子元件
836414,欧普泰,电子设备制造
002178,延华智能,计算机软件
002420,毅昌科技,汽车
600168,武汉控股,水务
301398,星源卓镁,汽车
603920,世运电路,电子元件
002745,木林森,光电子器件
603093,南华期货,非银行金融
688062,迈威生物-U,生物医药
603667,五洲新春,通用设备
837092,汉鑫科技,计算机软件
603863,松炀资源,造纸印刷
301061,匠心家居,家具
301307,美利信,通信设备
002279,久其软件,计算机软件
301080,百普赛斯,生物医药
300436,广生堂,生物医药
301229,纽泰格,汽车
301170,锡南科技,汽车
002050,三花智控,通用设备
300244,迪安诊断,医药商业
300391,长药控股,中药生产
002290,禾盛新材,白色家电
688393,安必平,生物医药
300698,万马科技,通信设备
603040,新坐标,汽车
688257,新锐股份,金属制品
688155,先惠技术,汽车
002524,光正眼科,医疗服务
688691,灿芯股份,电子设备制造
603214,爱婴室,零售
300681,英搏尔,汽车
002916,深南电路,电子元件
688553,汇宇制药-W,化学制药
688290,景业智能,机器人
300727,润禾材料,化学制品
603618,杭电股份,输变电设备
301085,亚康股份,计算机硬件
300302,同有科技,计算机硬件
603337,杰克股份,专用设备
688570,天玛智控,计算机软件
831832,科达自控,计算机软件
605318,法狮龙,其他建材
001323,慕思股份,家具
000503,国新健康,医疗服务
300007,汉威科技,通用设备
688793,倍轻松,小家电
605208,永茂泰,基本金属
688358,祥生医疗,医疗器械
300778,新城市,专业服务
603129,春风动力,其他交运设备
688162,巨一科技,汽车
301486,致尚科技,消费电子设备
688567,孚能科技,电源设备
832876,慧为智能,消费电子设备
300248,新开普,计算机软件
300660,江苏雷利,电机
000668,荣丰控股,房地产开发
603728,鸣志电器,电机
430198,微创光电,通信设备
300275,梅安森,电子设备制造
301022,海泰科,专用设备
688141,杰华特,半导体
872374,云里物里,电子器件
002887,绿茵生态,建筑施工
688093,世华科技,消费电子设备
300839,博汇股份,化学制品
688646,逸飞激光,专用设备
688611,杭州柯林,其他电气设备
605018,长华集团,汽车
001223,欧克科技,造纸印刷
688246,嘉和美康,计算机软件
688279,峰岹科技,半导体
603602,纵横通信,通信设备
873693,阿为特,金属制品
832978,开特股份,汽车
603388,ST元成,建筑施工
688603,天承科技,电子元件
688018,乐鑫科技,半导体
300885,海昌新材,金属制品
603882,金域医学,医疗服务
605068,明新旭腾,汽车
830896,旺成科技,通用设备
300451,创业慧康,医疗服务
301366,一博科技,电子器件
002162,悦心健康,陶瓷
605333,沪光股份,汽车
000766,通化金马,化学制药
300580,贝斯特,汽车
002276,万马股份,输变电设备
002656,ST摩登,服装家纺
836942,恒立钻具,专用设备
870976,视声智能,电子设备制造
603305,旭升集团,汽车
603398,沐邦高科,电源设备
601689,拓普集团,汽车
600228,返利科技,互联网商务
002490,ST墨龙,专用设备
603119,浙江荣泰,其他电气设备
000040,*ST旭蓝,电力
301325,曼恩斯特,专用设备
873706,铁拓机械,专用设备
301225,恒勃股份,汽车
301187,欧圣电气,专用设备
837748,路桥信息,计算机软件
870204,沪江材料,化学制品
603956,威派格,专用设备
688685,迈信林,航空航天装备
833284,灵鸽科技,专用设备
600114,东睦股份,金属制品
831906,舜宇精工,汽车
002599,盛通股份,造纸印刷
001288,运机集团,通用设备
871634,新威凌,基本金属
688382,益方生物-U,生物医药
301263,泰恩康,医药商业
688800,瑞可达,电子元件
839725,惠丰钻石,金属非金属新材料
002472,双环传动,汽车
603810,丰山集团,化肥农药
688205,德科立,电子元件
688502,茂莱光学,光电子器件
300404,博济医药,医疗服务
001306,夏厦精密,通用设备
300061,旗天科技,营销服务
300816,艾可蓝,专用设备
301021,英诺激光,电子设备制造
301459,丰茂股份,橡胶制品
300382,斯莱克,专用设备
300210,森远股份,专用设备
300972,万辰集团,零售
002628,成都路桥,基础建设
600860,京城股份,金属制品
301310,鑫宏业,输变电设备
603048,浙江黎明,汽车
603179,新泉股份,汽车
600811,东方集团,农业
000739,普洛药业,化学制药
002693,双成药业,化学制药
873167,新赣江,化学制药
301268,铭利达,金属制品
830879,基康仪器,通用设备
831856,浩淼科技,专用设备
871245,威博液压,通用设备
833427,华维设计,建筑施工
833030,立方控股,计算机软件
